track_name,track_id,popularity,album_name,album_id,release_date,artist_name,artist_id,danceability,energy,key,loudness,mode,speechiness,acousticness,instrumentalness,liveness,valence,tempo,type,id,uri,track_href,analysis_url,duration_ms,time_signature,genres,country
Dakiti,47EiUVwUp4C9fGccaPuUCS,100,Dakiti,43dl8hP5uNN9s6YeeJA5fv,2020-10-30,Bad Bunny,4q3ewBCX7sLwd24euuV69X,0.731,0.573,4,-10.059,0,0.0544,0.401,5.22e-05,0.113,0.145,109.928,audio_features,47EiUVwUp4C9fGccaPuUCS,spotify:track:47EiUVwUp4C9fGccaPuUCS,https://api.spotify.com/v1/tracks/47EiUVwUp4C9fGccaPuUCS,https://api.spotify.com/v1/audio-analysis/47EiUVwUp4C9fGccaPuUCS,205090,4,"['latin', 'reggaeton', 'trap latino']",Andorra
Mood (feat. iann dior),3tjFYV6RSFtuktYl3ZtYcq,99,Mood (feat. iann dior),4YMnOf4a7obOcN1Gy2QEuM,2020-07-24,24kGoldn,6fWVd57NKTalqvmjRd2t8Z,0.7,0.722,7,-3.5580000000000003,0,0.0369,0.221,0.0,0.272,0.7559999999999999,90.98899999999999,audio_features,3tjFYV6RSFtuktYl3ZtYcq,spotify:track:3tjFYV6RSFtuktYl3ZtYcq,https://api.spotify.com/v1/tracks/3tjFYV6RSFtuktYl3ZtYcq,https://api.spotify.com/v1/audio-analysis/3tjFYV6RSFtuktYl3ZtYcq,140526,4,['cali rap'],Andorra
positions,35mvY5S1H3J2QZyna3TFe0,96,Positions,3euz4vS7ezKGnNSwgyvKcd,2020-10-30,Ariana Grande,66CXWjxzNUsdJxJ2JdwvnR,0.737,0.802,0,-4.771,1,0.0878,0.46799999999999997,0.0,0.0931,0.682,144.015,audio_features,35mvY5S1H3J2QZyna3TFe0,spotify:track:35mvY5S1H3J2QZyna3TFe0,https://api.spotify.com/v1/tracks/35mvY5S1H3J2QZyna3TFe0,https://api.spotify.com/v1/audio-analysis/35mvY5S1H3J2QZyna3TFe0,172325,4,"['pop', 'post-teen pop']",Andorra
Dynamite,0t1kP63rueHleOhQkYSXFY,96,Dynamite (DayTime Version),6K4chJALBBMYmXjwgvqahx,2020-08-28,BTS,3Nrfpe0tUJi4K4DXYWgMUX,0.746,0.765,6,-4.41,0,0.0993,0.0112,0.0,0.0936,0.737,114.044,audio_features,0t1kP63rueHleOhQkYSXFY,spotify:track:0t1kP63rueHleOhQkYSXFY,https://api.spotify.com/v1/tracks/0t1kP63rueHleOhQkYSXFY,https://api.spotify.com/v1/audio-analysis/0t1kP63rueHleOhQkYSXFY,199054,4,"['k-pop', 'k-pop boy group']",Andorra
WAP (feat. Megan Thee Stallion),4Oun2ylbjFKMPTiaSbbCih,95,WAP (feat. Megan Thee Stallion),2ogiazbrNEx0kQHGl5ZBTQ,2020-08-07,Cardi B,4kYSro6naA4h99UJvo89HB,0.935,0.45399999999999996,1,-7.5089999999999995,1,0.375,0.0194,0.0,0.0824,0.35700000000000004,133.07299999999998,audio_features,4Oun2ylbjFKMPTiaSbbCih,spotify:track:4Oun2ylbjFKMPTiaSbbCih,https://api.spotify.com/v1/tracks/4Oun2ylbjFKMPTiaSbbCih,https://api.spotify.com/v1/audio-analysis/4Oun2ylbjFKMPTiaSbbCih,187541,4,"['pop', 'pop rap', 'rap']",Andorra
Lonely (with benny blanco),4y4spB9m0Q6026KfkAvy9Q,95,Lonely (with benny blanco),3P5WIUJO0Ots1lQx09TOxk,2020-10-16,Justin Bieber,1uNFoZAHBGtllmzznpCI3s,0.631,0.239,11,-7.071000000000001,0,0.0398,0.8640000000000001,0.0,0.11599999999999999,0.0927,79.859,audio_features,4y4spB9m0Q6026KfkAvy9Q,spotify:track:4y4spB9m0Q6026KfkAvy9Q,https://api.spotify.com/v1/tracks/4y4spB9m0Q6026KfkAvy9Q,https://api.spotify.com/v1/audio-analysis/4y4spB9m0Q6026KfkAvy9Q,149297,4,"['canadian pop', 'pop', 'post-teen pop']",Andorra
Blinding Lights,0VjIjW4GlUZAMYd2vXMi3b,95,After Hours,4yP0hdKOZPNshxUOjY0cZj,2020-03-20,The Weeknd,1Xyo4u8uXC1ZmMpatF05PJ,0.514,0.73,1,-5.934,1,0.0598,0.00146,9.54e-05,0.0897,0.33399999999999996,171.005,audio_features,0VjIjW4GlUZAMYd2vXMi3b,spotify:track:0VjIjW4GlUZAMYd2vXMi3b,https://api.spotify.com/v1/tracks/0VjIjW4GlUZAMYd2vXMi3b,https://api.spotify.com/v1/audio-analysis/0VjIjW4GlUZAMYd2vXMi3b,200040,4,"['canadian contemporary r&b', 'canadian pop', 'pop']",Andorra
What You Know Bout Love,1tkg4EHVoqnhR6iFEXb60y,95,Shoot For The Stars Aim For The Moon,7e7t0MCrNDcJZsPwUKjmOc,2020-07-03,Pop Smoke,0eDvMgVFoNV3TpwtrVCoTj,0.7090000000000001,0.5479999999999999,10,-8.493,1,0.353,0.65,1.59e-06,0.133,0.5429999999999999,83.995,audio_features,1tkg4EHVoqnhR6iFEXb60y,spotify:track:1tkg4EHVoqnhR6iFEXb60y,https://api.spotify.com/v1/tracks/1tkg4EHVoqnhR6iFEXb60y,https://api.spotify.com/v1/audio-analysis/1tkg4EHVoqnhR6iFEXb60y,160000,4,['brooklyn drill'],Andorra
Therefore I Am,54bFM56PmE4YLRnqpW6Tha,94,Therefore I Am,5G58VVE9ub1KE01Mvbd8XM,2020-11-12,Billie Eilish,6qqNVTkY8uBg9cP3Jd7DAH,0.889,0.34,11,-7.773,0,0.0697,0.218,0.13,0.055,0.716,94.009,audio_features,54bFM56PmE4YLRnqpW6Tha,spotify:track:54bFM56PmE4YLRnqpW6Tha,https://api.spotify.com/v1/tracks/54bFM56PmE4YLRnqpW6Tha,https://api.spotify.com/v1/audio-analysis/54bFM56PmE4YLRnqpW6Tha,174321,4,"['electropop', 'pop']",Andorra
For The Night (feat. Lil Baby & DaBaby),0PvFJmanyNQMseIFrU708S,94,Shoot For The Stars Aim For The Moon,7e7t0MCrNDcJZsPwUKjmOc,2020-07-03,Pop Smoke,0eDvMgVFoNV3TpwtrVCoTj,0.823,0.586,6,-6.606,0,0.2,0.114,0.0,0.193,0.34700000000000003,125.971,audio_features,0PvFJmanyNQMseIFrU708S,spotify:track:0PvFJmanyNQMseIFrU708S,https://api.spotify.com/v1/tracks/0PvFJmanyNQMseIFrU708S,https://api.spotify.com/v1/audio-analysis/0PvFJmanyNQMseIFrU708S,190476,4,['brooklyn drill'],Andorra
Relación - Remix,35UUpTmrcFXNIVIN26ujXl,93,Relación (Remix),2O985DZAb4i6M6iu4HWqSX,2020-09-04,Sech,77ziqFxp5gaInVrF2lj4ht,0.7929999999999999,0.7709999999999999,5,-3.417,1,0.0959,0.0337,1.51e-06,0.284,0.835,171.94299999999998,audio_features,35UUpTmrcFXNIVIN26ujXl,spotify:track:35UUpTmrcFXNIVIN26ujXl,https://api.spotify.com/v1/tracks/35UUpTmrcFXNIVIN26ujXl,https://api.spotify.com/v1/audio-analysis/35UUpTmrcFXNIVIN26ujXl,247308,4,"['latin', 'panamanian pop', 'reggaeton', 'trap latino']",Andorra
ROCKSTAR (feat. Roddy Ricch),7ytR5pFWmSjzHJIeQkgog4,93,BLAME IT ON BABY,623PL2MBg50Br5dLXC9E9e,2020-04-17,DaBaby,4r63FhuTkUYltbVAg5TQnk,0.746,0.69,11,-7.956,1,0.16399999999999998,0.247,0.0,0.10099999999999999,0.49700000000000005,89.977,audio_features,7ytR5pFWmSjzHJIeQkgog4,spotify:track:7ytR5pFWmSjzHJIeQkgog4,https://api.spotify.com/v1/tracks/7ytR5pFWmSjzHJIeQkgog4,https://api.spotify.com/v1/audio-analysis/7ytR5pFWmSjzHJIeQkgog4,181733,4,"['north carolina hip hop', 'rap']",Andorra
Watermelon Sugar,6UelLqGlWMcVH1E5c4H7lY,93,Fine Line,7xV2TzoaVc0ycW7fwBwAml,2019-12-13,Harry Styles,6KImCVD70vtIoJWnq6nGn3,0.5479999999999999,0.816,0,-4.209,1,0.0465,0.122,0.0,0.335,0.557,95.39,audio_features,6UelLqGlWMcVH1E5c4H7lY,spotify:track:6UelLqGlWMcVH1E5c4H7lY,https://api.spotify.com/v1/tracks/6UelLqGlWMcVH1E5c4H7lY,https://api.spotify.com/v1/audio-analysis/6UelLqGlWMcVH1E5c4H7lY,174000,4,"['pop', 'post-teen pop']",Andorra
Head & Heart (feat. MNEK),6cx06DFPPHchuUAcTxznu9,93,Head & Heart (feat. MNEK),5glfCPECXSHzidU6exW8wO,2020-07-03,Joel Corry,6DgP9otnZw5z6daOntINxp,0.7340000000000001,0.8740000000000001,8,-3.158,1,0.0662,0.168,1.1400000000000001e-05,0.0489,0.905,122.95299999999999,audio_features,6cx06DFPPHchuUAcTxznu9,spotify:track:6cx06DFPPHchuUAcTxznu9,https://api.spotify.com/v1/tracks/6cx06DFPPHchuUAcTxznu9,https://api.spotify.com/v1/audio-analysis/6cx06DFPPHchuUAcTxznu9,166028,4,"['dance pop', 'house', 'pop', 'pop dance', 'tropical house', 'uk dance']",Andorra
La Tóxica,15OjBeqNX3bShsGYQbteRv,92,La Tóxica,1R0ocprmeDu8ZkZn29xYFx,2020-07-24,Farruko,329e4yvIujISKGKz1BZZbO,0.659,0.701,9,-4.107,1,0.16399999999999998,0.0882,0.0,0.0866,0.623,91.97,audio_features,15OjBeqNX3bShsGYQbteRv,spotify:track:15OjBeqNX3bShsGYQbteRv,https://api.spotify.com/v1/tracks/15OjBeqNX3bShsGYQbteRv,https://api.spotify.com/v1/audio-analysis/15OjBeqNX3bShsGYQbteRv,180520,4,"['latin', 'reggaeton', 'trap latino', 'tropical']",Andorra
BICHOTA,7vrJn5hDSXRmdXoR30KgF1,92,BICHOTA,6LO6I2uJMkc0u7GHBYHa4Y,2020-10-23,KAROL G,790FomKkXshlbRYZFtlgla,0.863,0.6659999999999999,1,-4.158,0,0.152,0.212,0.000493,0.10300000000000001,0.838,163.908,audio_features,7vrJn5hDSXRmdXoR30KgF1,spotify:track:7vrJn5hDSXRmdXoR30KgF1,https://api.spotify.com/v1/tracks/7vrJn5hDSXRmdXoR30KgF1,https://api.spotify.com/v1/audio-analysis/7vrJn5hDSXRmdXoR30KgF1,178947,4,"['latin', 'reggaeton', 'reggaeton colombiano', 'trap latino']",Andorra
Se Te Nota (with Guaynaa),11EnQRgRMJwMAesfkB5pnu,92,Se Te Nota (with Guaynaa),4XiHCUNnGgnnN5xkGue4RF,2020-09-02,Lele Pons,6i3DxIlAqnDkwELLw4aVrx,0.905,0.6859999999999999,0,-3.1519999999999997,1,0.0664,0.0907,0.0,0.266,0.963,103.01299999999999,audio_features,11EnQRgRMJwMAesfkB5pnu,spotify:track:11EnQRgRMJwMAesfkB5pnu,https://api.spotify.com/v1/tracks/11EnQRgRMJwMAesfkB5pnu,https://api.spotify.com/v1/audio-analysis/11EnQRgRMJwMAesfkB5pnu,155825,4,"['latin pop', 'viral pop']",Andorra
Jeans,3GtnId3Cm1Xa6joCj08nzW,91,Jeans,2CihHxhe77TEB6YEWBRVru,2020-08-14,Justin Quiles,14zUHaJZo1mnYtn6IBRaRP,0.807,0.6559999999999999,3,-4.395,0,0.105,0.0165,0.0,0.0693,0.89,83.943,audio_features,3GtnId3Cm1Xa6joCj08nzW,spotify:track:3GtnId3Cm1Xa6joCj08nzW,https://api.spotify.com/v1/tracks/3GtnId3Cm1Xa6joCj08nzW,https://api.spotify.com/v1/audio-analysis/3GtnId3Cm1Xa6joCj08nzW,185840,4,"['latin', 'reggaeton', 'trap latino']",Andorra
Breaking Me,3H7ihDc1dqLriiWXwsc2po,91,Breaking Me,3nBQlhUvErkw8DVpF47WAn,2019-12-19,Topic,0u6GtibW46tFX7koQ6uNJZ,0.789,0.72,8,-5.652,0,0.218,0.223,0.0,0.129,0.664,122.031,audio_features,3H7ihDc1dqLriiWXwsc2po,spotify:track:3H7ihDc1dqLriiWXwsc2po,https://api.spotify.com/v1/tracks/3H7ihDc1dqLriiWXwsc2po,https://api.spotify.com/v1/audio-analysis/3H7ihDc1dqLriiWXwsc2po,166794,4,"['edm', 'german dance', 'pop dance', 'pop edm', 'tropical house']",Andorra
La Nota,7ndTONDDRFGiPnnhOzOXxq,91,La Nota,61qU7ompl7BKKGEgsbO4Ly,2020-10-08,Manuel Turizo,0tmwSHipWxN12fsoLcFU3B,0.736,0.632,11,-4.939,0,0.0648,0.18,0.0,0.349,0.503,92.03,audio_features,7ndTONDDRFGiPnnhOzOXxq,spotify:track:7ndTONDDRFGiPnnhOzOXxq,https://api.spotify.com/v1/tracks/7ndTONDDRFGiPnnhOzOXxq,https://api.spotify.com/v1/audio-analysis/7ndTONDDRFGiPnnhOzOXxq,216107,4,"['colombian pop', 'latin', 'latin pop', 'reggaeton', 'reggaeton colombiano', 'trap latino', 'tropical']",Andorra
Vida de Rico,73nAK3HgQK8dak83Y2WQ8F,91,Vida de Rico,0MmIH2uM4bUsF5VbEkCKzT,2020-09-21,Camilo,28gNT5KBp7IjEOQoevXf9N,0.8240000000000001,0.457,6,-5.428,1,0.0543,0.16699999999999998,0.0,0.040999999999999995,0.95,87.977,audio_features,73nAK3HgQK8dak83Y2WQ8F,spotify:track:73nAK3HgQK8dak83Y2WQ8F,https://api.spotify.com/v1/tracks/73nAK3HgQK8dak83Y2WQ8F,https://api.spotify.com/v1/audio-analysis/73nAK3HgQK8dak83Y2WQ8F,187427,4,"['colombian pop', 'reggaeton colombiano']",Andorra
UN DIA (ONE DAY) (Feat. Tainy),0EhpEsp4L0oRGM0vmeaN5e,91,UN DIA (ONE DAY) (Feat. Tainy),6aqSlutLYNpzSsK4dV5jTr,2020-07-24,J Balvin,1vyhD5VmyZ7KMfW5gqLgo5,0.5710000000000001,0.693,6,-8.234,0,0.0545,0.00536,0.0,0.17300000000000001,0.39299999999999996,168.169,audio_features,0EhpEsp4L0oRGM0vmeaN5e,spotify:track:0EhpEsp4L0oRGM0vmeaN5e,https://api.spotify.com/v1/tracks/0EhpEsp4L0oRGM0vmeaN5e,https://api.spotify.com/v1/audio-analysis/0EhpEsp4L0oRGM0vmeaN5e,232253,4,"['latin', 'reggaeton', 'reggaeton colombiano']",Andorra
Monster (Shawn Mendes & Justin Bieber),2Z8yfpFX0ZMavHkcIeHiO1,91,Monster,3yVVL2EYLp8g7gT08VvYKy,2020-11-20,Shawn Mendes,7n2wHs1TKAczGzO7Dd2rGr,0.652,0.38299999999999995,2,-7.0760000000000005,0,0.0516,0.0676,0.0,0.0828,0.5489999999999999,145.765,audio_features,2Z8yfpFX0ZMavHkcIeHiO1,spotify:track:2Z8yfpFX0ZMavHkcIeHiO1,https://api.spotify.com/v1/tracks/2Z8yfpFX0ZMavHkcIeHiO1,https://api.spotify.com/v1/audio-analysis/2Z8yfpFX0ZMavHkcIeHiO1,178994,4,"['canadian pop', 'dance pop', 'pop', 'post-teen pop', 'viral pop']",Andorra
La Curiosidad,4HYDUMY0xSpeBr0AMY9cUz,91,Platonicos,5sEpXan86hEcM8eZSAoWhw,2020-06-12,Jay Wheeler,2cPqdH7XMvwaBJEVjheH8g,0.845,0.677,11,-4.798,0,0.136,0.26899999999999996,0.000917,0.10800000000000001,0.68,90.01299999999999,audio_features,4HYDUMY0xSpeBr0AMY9cUz,spotify:track:4HYDUMY0xSpeBr0AMY9cUz,https://api.spotify.com/v1/tracks/4HYDUMY0xSpeBr0AMY9cUz,https://api.spotify.com/v1/audio-analysis/4HYDUMY0xSpeBr0AMY9cUz,219048,4,"['latin', 'reggaeton', 'trap latino']",Andorra
"Ay, DiOs Mío!",7x4ASXYEKfQBCewcZhK776,91,"Ay, DiOs Mío!",1mMUBQXa70gHyUjK0Q0u63,2020-07-10,KAROL G,790FomKkXshlbRYZFtlgla,0.718,0.7120000000000001,11,-4.3660000000000005,1,0.174,0.512,0.00121,0.10400000000000001,0.531,180.03400000000002,audio_features,7x4ASXYEKfQBCewcZhK776,spotify:track:7x4ASXYEKfQBCewcZhK776,https://api.spotify.com/v1/tracks/7x4ASXYEKfQBCewcZhK776,https://api.spotify.com/v1/audio-analysis/7x4ASXYEKfQBCewcZhK776,189653,4,"['latin', 'reggaeton', 'reggaeton colombiano', 'trap latino']",Andorra
Una Locura,5y7DaS3jAc9eZzcSOoUIwU,91,ENOC,69iuPQsXel3luOSDNF0q2Q,2020-09-04,Ozuna,1i8SpTcr7yvPOmcqrbnVXY,0.7140000000000001,0.7609999999999999,5,-4.596,0,0.0427,0.139,0.00035,0.24100000000000002,0.9059999999999999,168.02200000000002,audio_features,5y7DaS3jAc9eZzcSOoUIwU,spotify:track:5y7DaS3jAc9eZzcSOoUIwU,https://api.spotify.com/v1/tracks/5y7DaS3jAc9eZzcSOoUIwU,https://api.spotify.com/v1/audio-analysis/5y7DaS3jAc9eZzcSOoUIwU,230693,4,"['latin', 'puerto rican pop', 'reggaeton', 'trap latino']",Andorra
Savage Love (Laxed - Siren Beat),1xQ6trAsedVPCdbtDAmk0c,90,Savage Love (Laxed - Siren Beat),1XMw3pBrYeXzNXZXc84DNw,2020-06-11,Jawsh 685,56mfhUDKa1vec6rSLZV5Eg,0.767,0.48100000000000004,0,-8.52,0,0.0803,0.23399999999999999,0.0,0.26899999999999996,0.7609999999999999,150.076,audio_features,1xQ6trAsedVPCdbtDAmk0c,spotify:track:1xQ6trAsedVPCdbtDAmk0c,https://api.spotify.com/v1/tracks/1xQ6trAsedVPCdbtDAmk0c,https://api.spotify.com/v1/audio-analysis/1xQ6trAsedVPCdbtDAmk0c,171375,4,['nz pop'],Andorra
Parce (feat. Justin Quiles),4RJz8NfIe09gpKMiRUWKhJ,90,PAPI JUANCHO,0p2yf6DucEgvj8Uk8KXJJv,2020-08-21,Maluma,1r4hJ1h58CWwUQe3MxPuau,0.691,0.7390000000000001,5,-3.09,0,0.22899999999999998,0.42200000000000004,3.95e-06,0.11,0.884,83.897,audio_features,4RJz8NfIe09gpKMiRUWKhJ,spotify:track:4RJz8NfIe09gpKMiRUWKhJ,https://api.spotify.com/v1/tracks/4RJz8NfIe09gpKMiRUWKhJ,https://api.spotify.com/v1/audio-analysis/4RJz8NfIe09gpKMiRUWKhJ,248345,4,"['reggaeton', 'reggaeton colombiano']",Andorra
"Lemonade (feat. Gunna, Don Toliver & NAV)",7hxHWCCAIIxFLCzvDgnQHX,90,B4 The Storm,2vGU0DOcfsDee0euvhl1iZ,2020-08-28,Internet Money,6MPCFvOQv5cIGfw3jODMF0,0.8,0.6579999999999999,1,-6.142,0,0.079,0.25,0.0,0.111,0.462,140.042,audio_features,7hxHWCCAIIxFLCzvDgnQHX,spotify:track:7hxHWCCAIIxFLCzvDgnQHX,https://api.spotify.com/v1/tracks/7hxHWCCAIIxFLCzvDgnQHX,https://api.spotify.com/v1/audio-analysis/7hxHWCCAIIxFLCzvDgnQHX,195429,4,"['pop rap', 'rap', 'trap']",Andorra
Hawái - Remix,0GzuHFG4Ql6DoyxFRnIk3F,90,Hawái (Remix),1Ag9EPbzibwzz0S0WpgX3v,2020-11-05,Maluma,1r4hJ1h58CWwUQe3MxPuau,0.7659999999999999,0.7879999999999999,6,-3.128,0,0.312,0.105,5.81e-06,0.142,0.609,179.984,audio_features,0GzuHFG4Ql6DoyxFRnIk3F,spotify:track:0GzuHFG4Ql6DoyxFRnIk3F,https://api.spotify.com/v1/tracks/0GzuHFG4Ql6DoyxFRnIk3F,https://api.spotify.com/v1/audio-analysis/0GzuHFG4Ql6DoyxFRnIk3F,200482,4,"['reggaeton', 'reggaeton colombiano']",Andorra
Mi Niña,2bgcUk2A3jjKbCJ7KPquTi,90,Mi Niña,5F7rUv9XZPAnNfeKCYkqZS,2020-09-23,Wisin,3E6xrwgnVfYCrCs0ePERDz,0.823,0.821,8,-3.4019999999999997,0,0.166,0.31,4.28e-06,0.14300000000000002,0.7909999999999999,99.999,audio_features,2bgcUk2A3jjKbCJ7KPquTi,spotify:track:2bgcUk2A3jjKbCJ7KPquTi,https://api.spotify.com/v1/tracks/2bgcUk2A3jjKbCJ7KPquTi,https://api.spotify.com/v1/audio-analysis/2bgcUk2A3jjKbCJ7KPquTi,213314,4,"['latin', 'latin hip hop', 'reggaeton', 'reggaeton flow', 'trap latino', 'tropical']",Andorra
Mi Cuarto,6fmQjRuo7XvRFCK2qex5hQ,89,DI LETRA,1NTAPW8MixdsXxAi4v9hBn,2020-04-03,Jerry Di,7f02bxFbZIOVdSbYRNYvLT,0.8540000000000001,0.525,1,-4.426,1,0.214,0.8190000000000001,0.0,0.146,0.63,97.054,audio_features,6fmQjRuo7XvRFCK2qex5hQ,spotify:track:6fmQjRuo7XvRFCK2qex5hQ,https://api.spotify.com/v1/tracks/6fmQjRuo7XvRFCK2qex5hQ,https://api.spotify.com/v1/audio-analysis/6fmQjRuo7XvRFCK2qex5hQ,197587,4,"['cubaton', 'latin', 'pop venezolano', 'reggaeton', 'trap latino']",Andorra
Tattoo - Remix with Camilo,4ZRrLHqzhGRXYj2qcB4s5S,89,Tattoo (Remix with Camilo),3Na85E6foBKxAeoAojX427,2020-07-09,Rauw Alejandro,1mcTU81TzQhprhouKaTkpq,0.848,0.637,9,-5.132000000000001,1,0.156,0.0413,0.0,0.0521,0.698,96.988,audio_features,4ZRrLHqzhGRXYj2qcB4s5S,spotify:track:4ZRrLHqzhGRXYj2qcB4s5S,https://api.spotify.com/v1/tracks/4ZRrLHqzhGRXYj2qcB4s5S,https://api.spotify.com/v1/audio-analysis/4ZRrLHqzhGRXYj2qcB4s5S,222680,4,"['puerto rican pop', 'trap latino']",Andorra
Chica Ideal,21N4Buj4xsyLb218lYle61,89,Chica Ideal,7aS92ROK5rixV65VSRGPct,2020-10-16,Sebastian Yatra,07YUOmWljBTXwIseAUd9TW,0.574,0.8909999999999999,0,-3.665,0,0.157,0.0847,0.0,0.16,0.7070000000000001,100.978,audio_features,21N4Buj4xsyLb218lYle61,spotify:track:21N4Buj4xsyLb218lYle61,https://api.spotify.com/v1/tracks/21N4Buj4xsyLb218lYle61,https://api.spotify.com/v1/audio-analysis/21N4Buj4xsyLb218lYle61,183240,4,"['colombian pop', 'latin', 'latin pop', 'reggaeton', 'reggaeton colombiano', 'trap latino']",Andorra
Hawái,1yoMvmasuxZfqHEipJhRbp,88,PAPI JUANCHO,0p2yf6DucEgvj8Uk8KXJJv,2020-08-21,Maluma,1r4hJ1h58CWwUQe3MxPuau,0.7829999999999999,0.727,6,-3.4539999999999997,0,0.389,0.185,2.46e-05,0.0626,0.5579999999999999,180.067,audio_features,1yoMvmasuxZfqHEipJhRbp,spotify:track:1yoMvmasuxZfqHEipJhRbp,https://api.spotify.com/v1/tracks/1yoMvmasuxZfqHEipJhRbp,https://api.spotify.com/v1/audio-analysis/1yoMvmasuxZfqHEipJhRbp,199112,4,"['reggaeton', 'reggaeton colombiano']",Andorra
Tusa,7k4t7uLgtOxPwTpFmtJNTY,87,Tusa,7mKevNHhVnZER3BLgI8O4F,2019-11-07,KAROL G,790FomKkXshlbRYZFtlgla,0.8029999999999999,0.715,2,-3.28,1,0.298,0.295,0.000134,0.0574,0.574,101.085,audio_features,7k4t7uLgtOxPwTpFmtJNTY,spotify:track:7k4t7uLgtOxPwTpFmtJNTY,https://api.spotify.com/v1/tracks/7k4t7uLgtOxPwTpFmtJNTY,https://api.spotify.com/v1/audio-analysis/7k4t7uLgtOxPwTpFmtJNTY,200960,4,"['latin', 'reggaeton', 'reggaeton colombiano', 'trap latino']",Andorra
"Agua (with J Balvin) - Music From ""Sponge On The Run"" Movie",1pqnQ41XbfKjaFu6M0eGJp,87,"Agua (with J Balvin) [Music From ""Sponge On The Run"" Movie]",6PVN0rvVbQE21VoEgmtDRS,2020-07-09,Tainy,0GM7qgcRCORpGnfcN2tCiB,0.76,0.6579999999999999,7,-5.275,1,0.275,0.162,0.0,0.195,0.565,100.20200000000001,audio_features,1pqnQ41XbfKjaFu6M0eGJp,spotify:track:1pqnQ41XbfKjaFu6M0eGJp,https://api.spotify.com/v1/tracks/1pqnQ41XbfKjaFu6M0eGJp,https://api.spotify.com/v1/audio-analysis/1pqnQ41XbfKjaFu6M0eGJp,157944,4,"['latin', 'latin hip hop', 'latin pop', 'pop reggaeton', 'reggaeton', 'trap latino', 'tropical']",Andorra
Tú Me Dejaste De Querer (feat. Niño de Elche & La Hungara),0XinBYhf1X3kdvKQHOX971,87,Tú Me Dejaste De Querer (feat. Niño de Elche & La Hungara),7lRNtV18ZVeTYY2w5RhVf2,2020-11-05,C. Tangana,5TYxZTjIPqKM8K8NuP9woO,0.812,0.747,4,-4.611000000000001,0,0.15,0.31,0.00412,0.1,0.488,168.025,audio_features,0XinBYhf1X3kdvKQHOX971,spotify:track:0XinBYhf1X3kdvKQHOX971,https://api.spotify.com/v1/tracks/0XinBYhf1X3kdvKQHOX971,https://api.spotify.com/v1/audio-analysis/0XinBYhf1X3kdvKQHOX971,198500,4,['urbano espanol'],Andorra
Despeinada,0JAZWvvqttGFm4UMDsPQXC,87,ENOC,69iuPQsXel3luOSDNF0q2Q,2020-09-04,Ozuna,1i8SpTcr7yvPOmcqrbnVXY,0.7340000000000001,0.775,8,-3.855,1,0.0614,0.18600000000000003,0.000542,0.12300000000000001,0.72,166.03900000000002,audio_features,0JAZWvvqttGFm4UMDsPQXC,spotify:track:0JAZWvvqttGFm4UMDsPQXC,https://api.spotify.com/v1/tracks/0JAZWvvqttGFm4UMDsPQXC,https://api.spotify.com/v1/audio-analysis/0JAZWvvqttGFm4UMDsPQXC,224187,4,"['latin', 'puerto rican pop', 'reggaeton', 'trap latino']",Andorra
Jerusalema (feat. Nomcebo Zikode),2MlOUXmcofMackX3bxfSwi,86,Jerusalema,0bRAth39i98n7qrxubZ00K,2020-01-24,Master KG,523y9KSneKh6APd1hKxLuF,0.88,0.483,1,-7.0120000000000005,1,0.0504,0.0185,8.75e-06,0.0607,0.8270000000000001,124.009,audio_features,2MlOUXmcofMackX3bxfSwi,spotify:track:2MlOUXmcofMackX3bxfSwi,https://api.spotify.com/v1/tracks/2MlOUXmcofMackX3bxfSwi,https://api.spotify.com/v1/audio-analysis/2MlOUXmcofMackX3bxfSwi,342613,4,['south african house'],Andorra
La Luz,5zj8WNkBrEzlI5FKeYV4ol,86,La Luz,68JMNFwtqRgtdY4ufFG8EE,2020-10-31,Sech,77ziqFxp5gaInVrF2lj4ht,0.665,0.6970000000000001,9,-4.819,0,0.154,0.42700000000000005,1.39e-05,0.599,0.556,94.053,audio_features,5zj8WNkBrEzlI5FKeYV4ol,spotify:track:5zj8WNkBrEzlI5FKeYV4ol,https://api.spotify.com/v1/tracks/5zj8WNkBrEzlI5FKeYV4ol,https://api.spotify.com/v1/audio-analysis/5zj8WNkBrEzlI5FKeYV4ol,216747,4,"['latin', 'panamanian pop', 'reggaeton', 'trap latino']",Andorra
Reloj,7r9ZhitdQBONTFOiJW5mr8,86,Reloj,56vYUqyoaBCrokFauIuXIk,2020-10-22,Rauw Alejandro,1mcTU81TzQhprhouKaTkpq,0.823,0.537,8,-2.639,1,0.209,0.17600000000000002,3.98e-06,0.12300000000000001,0.615,175.946,audio_features,7r9ZhitdQBONTFOiJW5mr8,spotify:track:7r9ZhitdQBONTFOiJW5mr8,https://api.spotify.com/v1/tracks/7r9ZhitdQBONTFOiJW5mr8,https://api.spotify.com/v1/audio-analysis/7r9ZhitdQBONTFOiJW5mr8,231595,4,"['puerto rican pop', 'trap latino']",Andorra
Hasta Que Dios Diga,06s3QtMJVXw1AJX3UfvZG1,85,Emmanuel,7JtT7OyWM8BnIS5FXXPMKg,2020-05-29,Anuel AA,2R21vXR83lH98kGeO99Y66,0.691,0.765,8,-4.727,1,0.111,0.46399999999999997,3.29e-06,0.203,0.855,174.021,audio_features,06s3QtMJVXw1AJX3UfvZG1,spotify:track:06s3QtMJVXw1AJX3UfvZG1,https://api.spotify.com/v1/tracks/06s3QtMJVXw1AJX3UfvZG1,https://api.spotify.com/v1/audio-analysis/06s3QtMJVXw1AJX3UfvZG1,246000,4,"['latin', 'reggaeton', 'reggaeton flow', 'trap latino']",Andorra
"Lean (feat. Towy, Osquel, Beltito & Sammy & Falsetto)",5DoLhdU27owX1NMrKLUbUl,85,"Lean (feat. Towy, Osquel, Beltito & Sammy & Falsetto)",0W13Em98CWIfEvoh9wuwPu,2017-03-31,Super Yei,6HqgxkTt9KGyt27zYrwVan,0.863,0.669,6,-5.952000000000001,0,0.282,0.111,0.0,0.0569,0.9470000000000001,164.062,audio_features,5DoLhdU27owX1NMrKLUbUl,spotify:track:5DoLhdU27owX1NMrKLUbUl,https://api.spotify.com/v1/tracks/5DoLhdU27owX1NMrKLUbUl,https://api.spotify.com/v1/audio-analysis/5DoLhdU27owX1NMrKLUbUl,260545,4,"['latin', 'reggaeton', 'reggaeton flow', 'trap latino']",Andorra
Me Gusta (with Cardi B & Myke Towers),7e1VoRlNumuEkXlITMHKLE,85,Me Gusta (with Cardi B & Myke Towers),5J7bWCachL4Q662xAfzyJd,2020-09-18,Anitta,7FNnA9vBm6EKceENgCGRMb,0.91,0.604,6,-4.3919999999999995,0,0.08199999999999999,0.44799999999999995,0.0,0.0863,0.807,110.075,audio_features,7e1VoRlNumuEkXlITMHKLE,spotify:track:7e1VoRlNumuEkXlITMHKLE,https://api.spotify.com/v1/tracks/7e1VoRlNumuEkXlITMHKLE,https://api.spotify.com/v1/audio-analysis/7e1VoRlNumuEkXlITMHKLE,180788,4,"['funk carioca', 'funk pop', 'pagode baiano', 'pop nacional']",Andorra
Madrid (feat. Myke Towers),19OXtYzrJyCrQvTbfukt4H,85,PAPI JUANCHO,0p2yf6DucEgvj8Uk8KXJJv,2020-08-21,Maluma,1r4hJ1h58CWwUQe3MxPuau,0.764,0.741,9,-3.617,1,0.10099999999999999,0.239,0.0,0.107,0.802,170.081,audio_features,19OXtYzrJyCrQvTbfukt4H,spotify:track:19OXtYzrJyCrQvTbfukt4H,https://api.spotify.com/v1/tracks/19OXtYzrJyCrQvTbfukt4H,https://api.spotify.com/v1/audio-analysis/19OXtYzrJyCrQvTbfukt4H,198570,4,"['reggaeton', 'reggaeton colombiano']",Andorra
Ayer Me Llamó Mi Ex (feat. Lenny Santos),6C6mUonH6MNdSg5pw7kOc9,85,Ayer Me Llamó Mi Ex (feat. Lenny Santos),0H01i14lrDJtgGU2LFImWL,2020-08-20,KHEA,4m6ubhNsdwF4psNf3R8kwR,0.752,0.716,10,-5.2,0,0.0325,0.254,0.0,0.243,0.5529999999999999,117.007,audio_features,6C6mUonH6MNdSg5pw7kOc9,spotify:track:6C6mUonH6MNdSg5pw7kOc9,https://api.spotify.com/v1/tracks/6C6mUonH6MNdSg5pw7kOc9,https://api.spotify.com/v1/audio-analysis/6C6mUonH6MNdSg5pw7kOc9,206760,4,"['argentine hip hop', 'trap argentino', 'trap latino', 'trap triste']",Andorra
CÓMO SE SIENTE - Remix,2tFwfmceQa1Y6nRPhYbEtC,85,CÓMO SE SIENTE (Remix),0VLl6NV05DjwNE2lZFdCEI,2020-05-09,Jhay Cortez,0EFisYRi20PTADoJrifHrz,0.807,0.606,3,-8.871,0,0.08800000000000001,0.0946,0.0,0.11900000000000001,0.304,92.988,audio_features,2tFwfmceQa1Y6nRPhYbEtC,spotify:track:2tFwfmceQa1Y6nRPhYbEtC,https://api.spotify.com/v1/tracks/2tFwfmceQa1Y6nRPhYbEtC,https://api.spotify.com/v1/audio-analysis/2tFwfmceQa1Y6nRPhYbEtC,227520,4,"['latin', 'reggaeton', 'trap latino']",Andorra
Don Don,3kml9ZdpT7UYk1ugkjqOzt,85,Don Don,5xBO97P4jYEn69VzV06503,2020-09-11,Daddy Yankee,4VMYDCV2IEDYJArk749S6m,0.838,0.8190000000000001,5,-4.681,0,0.21100000000000002,0.285,6.3e-05,0.22399999999999998,0.6559999999999999,105.027,audio_features,3kml9ZdpT7UYk1ugkjqOzt,spotify:track:3kml9ZdpT7UYk1ugkjqOzt,https://api.spotify.com/v1/tracks/3kml9ZdpT7UYk1ugkjqOzt,https://api.spotify.com/v1/audio-analysis/3kml9ZdpT7UYk1ugkjqOzt,275893,4,"['latin', 'latin hip hop', 'reggaeton', 'trap latino', 'tropical']",Andorra
Before You Go,2gMXnyrvIjhVBUZwvLZDMP,85,Divinely Uninspired To A Hellish Extent (Extended Edition),2wiPF3m0ylst0JSk1IvZL8,2019-11-22,Lewis Capaldi,4GNC7GD6oZMSxPGyXy4MNB,0.45899999999999996,0.575,3,-4.8580000000000005,1,0.0573,0.604,0.0,0.0885,0.183,111.881,audio_features,2gMXnyrvIjhVBUZwvLZDMP,spotify:track:2gMXnyrvIjhVBUZwvLZDMP,https://api.spotify.com/v1/tracks/2gMXnyrvIjhVBUZwvLZDMP,https://api.spotify.com/v1/audio-analysis/2gMXnyrvIjhVBUZwvLZDMP,215107,4,"['pop', 'uk pop']",Andorra
El Mismo Aire - con Pablo Alborán,5EbtodsuLbxrFDH6j5avVS,84,El Mismo Aire (con Pablo Alborán),3E3coJkwv6rbqUTiw1qLZ6,2020-06-10,Camilo,28gNT5KBp7IjEOQoevXf9N,0.483,0.49200000000000005,0,-6.591,0,0.295,0.603,0.0,0.32299999999999995,0.66,144.511,audio_features,5EbtodsuLbxrFDH6j5avVS,spotify:track:5EbtodsuLbxrFDH6j5avVS,https://api.spotify.com/v1/tracks/5EbtodsuLbxrFDH6j5avVS,https://api.spotify.com/v1/audio-analysis/5EbtodsuLbxrFDH6j5avVS,188213,4,"['colombian pop', 'reggaeton colombiano']",Andorra
Shape of You,7qiZfU4dY1lWllzX7mPBI3,84,÷ (Deluxe),3T4tUhGYeRNVUGevb0wThu,2017-03-03,Ed Sheeran,6eUKZXaKkcviH0Ku9w2n3V,0.825,0.652,1,-3.1830000000000003,0,0.0802,0.581,0.0,0.0931,0.9309999999999999,95.977,audio_features,7qiZfU4dY1lWllzX7mPBI3,spotify:track:7qiZfU4dY1lWllzX7mPBI3,https://api.spotify.com/v1/tracks/7qiZfU4dY1lWllzX7mPBI3,https://api.spotify.com/v1/audio-analysis/7qiZfU4dY1lWllzX7mPBI3,233713,4,"['pop', 'uk pop']",Andorra
Del Mar,5cpJFiNwYyWwFLH0V6B3N8,84,ENOC,69iuPQsXel3luOSDNF0q2Q,2020-09-04,Ozuna,1i8SpTcr7yvPOmcqrbnVXY,0.759,0.636,6,-5.585,1,0.0369,0.0224,0.000143,0.166,0.536,109.976,audio_features,5cpJFiNwYyWwFLH0V6B3N8,spotify:track:5cpJFiNwYyWwFLH0V6B3N8,https://api.spotify.com/v1/tracks/5cpJFiNwYyWwFLH0V6B3N8,https://api.spotify.com/v1/audio-analysis/5cpJFiNwYyWwFLH0V6B3N8,214507,4,"['latin', 'puerto rican pop', 'reggaeton', 'trap latino']",Andorra
Relación,3ZG8N7aWw2meb6UrI5ZmnZ,84,1 of 1,3D1NZYi3GsenO5uWDFrRI6,2020-05-21,Sech,77ziqFxp5gaInVrF2lj4ht,0.805,0.562,7,-3.117,0,0.105,0.125,4.96e-06,0.14800000000000002,0.767,172.09400000000002,audio_features,3ZG8N7aWw2meb6UrI5ZmnZ,spotify:track:3ZG8N7aWw2meb6UrI5ZmnZ,https://api.spotify.com/v1/tracks/3ZG8N7aWw2meb6UrI5ZmnZ,https://api.spotify.com/v1/audio-analysis/3ZG8N7aWw2meb6UrI5ZmnZ,184255,4,"['latin', 'panamanian pop', 'reggaeton', 'trap latino']",Andorra
Enchule,3ThrfRAmijYU098H9q9tAs,84,Enchule,3DxqnLZyD3wBfxdg7FnkPY,2020-09-18,Rauw Alejandro,1mcTU81TzQhprhouKaTkpq,0.763,0.6659999999999999,7,-3.3160000000000003,1,0.19399999999999998,0.153,0.0,0.301,0.5870000000000001,90.086,audio_features,3ThrfRAmijYU098H9q9tAs,spotify:track:3ThrfRAmijYU098H9q9tAs,https://api.spotify.com/v1/tracks/3ThrfRAmijYU098H9q9tAs,https://api.spotify.com/v1/audio-analysis/3ThrfRAmijYU098H9q9tAs,185719,4,"['puerto rican pop', 'trap latino']",Andorra
Closer,7BKLCZ1jbUBVqRi2FVlTVw,84,Closer,0rSLgV8p5FzfnqlEk4GzxE,2016-07-29,The Chainsmokers,69GGBxA162lTqCwzJG5jLp,0.748,0.524,8,-5.599,1,0.0338,0.414,0.0,0.111,0.6609999999999999,95.01,audio_features,7BKLCZ1jbUBVqRi2FVlTVw,spotify:track:7BKLCZ1jbUBVqRi2FVlTVw,https://api.spotify.com/v1/tracks/7BKLCZ1jbUBVqRi2FVlTVw,https://api.spotify.com/v1/audio-analysis/7BKLCZ1jbUBVqRi2FVlTVw,244960,4,"['edm', 'electropop', 'pop', 'pop dance', 'tropical house']",Andorra
Mamichula - con Nicki Nicole,4pXW6ZAHBz7ODXTRKklWrM,84,Atrevido,7AHKVMfKtUv9P06zjFHsGB,2020-07-23,Trueno,2x7PC78TmgqpEIjaGAZ0Oz,0.696,0.6779999999999999,4,-5.893,0,0.0735,0.5820000000000001,2.22e-06,0.134,0.34600000000000003,91.985,audio_features,4pXW6ZAHBz7ODXTRKklWrM,spotify:track:4pXW6ZAHBz7ODXTRKklWrM,https://api.spotify.com/v1/tracks/4pXW6ZAHBz7ODXTRKklWrM,https://api.spotify.com/v1/audio-analysis/4pXW6ZAHBz7ODXTRKklWrM,219202,4,"['argentine hip hop', 'trap argentino', 'trap latino']",Andorra
Something Just Like This,6RUKPb4LETWmmr3iAEQktW,82,Memories...Do Not Open,4JPguzRps3kuWDD5GS6oXr,2017-04-07,The Chainsmokers,69GGBxA162lTqCwzJG5jLp,0.617,0.635,11,-6.769,0,0.0317,0.0498,1.4400000000000001e-05,0.16399999999999998,0.446,103.01899999999999,audio_features,6RUKPb4LETWmmr3iAEQktW,spotify:track:6RUKPb4LETWmmr3iAEQktW,https://api.spotify.com/v1/tracks/6RUKPb4LETWmmr3iAEQktW,https://api.spotify.com/v1/audio-analysis/6RUKPb4LETWmmr3iAEQktW,247160,4,"['edm', 'electropop', 'pop', 'pop dance', 'tropical house']",Andorra
Reggaetonera,6yVkakCN460KOVol9ZazjH,82,Emmanuel,7JtT7OyWM8BnIS5FXXPMKg,2020-05-29,Anuel AA,2R21vXR83lH98kGeO99Y66,0.6940000000000001,0.7959999999999999,6,-4.164,1,0.0565,0.48,0.000384,0.10800000000000001,0.515,93.064,audio_features,6yVkakCN460KOVol9ZazjH,spotify:track:6yVkakCN460KOVol9ZazjH,https://api.spotify.com/v1/tracks/6yVkakCN460KOVol9ZazjH,https://api.spotify.com/v1/audio-analysis/6yVkakCN460KOVol9ZazjH,212312,4,"['latin', 'reggaeton', 'reggaeton flow', 'trap latino']",Andorra
"PORFA Remix ( Feat. Maluma, Nicky Jam, Sech) - Remix",7lUdbnz7wsv3C9zzf4WHl9,81,"PORFA Remix ( Feat. Maluma, Nicky Jam, Sech)",5cLb4vSQukBpYmox3UKa4M,2020-06-26,Feid,2LRoIwlKmHjgvigdNGBHNo,0.7929999999999999,0.737,6,-4.731,0,0.0785,0.0765,0.0,0.0747,0.6970000000000001,167.96900000000002,audio_features,7lUdbnz7wsv3C9zzf4WHl9,spotify:track:7lUdbnz7wsv3C9zzf4WHl9,https://api.spotify.com/v1/tracks/7lUdbnz7wsv3C9zzf4WHl9,https://api.spotify.com/v1/audio-analysis/7lUdbnz7wsv3C9zzf4WHl9,333800,4,"['colombian pop', 'latin', 'pop reggaeton', 'reggaeton', 'reggaeton colombiano', 'trap latino']",Andorra
La Jeepeta - Remix,6bvfJf4KjonPMuPfGfy3S2,81,Now Or Never,1BBjdKgGAqwdEvcvqBOGfT,2020-07-24,Nio Garcia,5hdhHgpxyniooUiQVaPxQ0,0.8140000000000001,0.7140000000000001,4,-4.65,0,0.207,0.297,4.89e-06,0.091,0.789,176.013,audio_features,6bvfJf4KjonPMuPfGfy3S2,spotify:track:6bvfJf4KjonPMuPfGfy3S2,https://api.spotify.com/v1/tracks/6bvfJf4KjonPMuPfGfy3S2,https://api.spotify.com/v1/audio-analysis/6bvfJf4KjonPMuPfGfy3S2,345241,4,"['latin', 'reggaeton', 'trap latino', 'tropical']",Andorra
Demasiadas Mujeres,2iUz95Osgl4fFZbNJ0xuoD,81,Demasiadas Mujeres,0kI18Fa3HdmYIyX3eflo9y,2020-10-08,C. Tangana,5TYxZTjIPqKM8K8NuP9woO,0.667,0.45899999999999996,9,-7.237,0,0.386,0.133,0.000213,0.0955,0.369,126.096,audio_features,2iUz95Osgl4fFZbNJ0xuoD,spotify:track:2iUz95Osgl4fFZbNJ0xuoD,https://api.spotify.com/v1/tracks/2iUz95Osgl4fFZbNJ0xuoD,https://api.spotify.com/v1/audio-analysis/2iUz95Osgl4fFZbNJ0xuoD,153695,4,['urbano espanol'],Andorra
That's What I Like,0KKkJNfGyhkQ5aFogxQAPU,81,24K Magic,4PgleR09JVnm3zY1fW3XBA,2016-11-17,Bruno Mars,0du5cEVh5yTK9QJze8zA0C,0.853,0.56,1,-4.961,1,0.0406,0.013000000000000001,0.0,0.0944,0.86,134.066,audio_features,0KKkJNfGyhkQ5aFogxQAPU,spotify:track:0KKkJNfGyhkQ5aFogxQAPU,https://api.spotify.com/v1/tracks/0KKkJNfGyhkQ5aFogxQAPU,https://api.spotify.com/v1/audio-analysis/0KKkJNfGyhkQ5aFogxQAPU,206693,4,"['dance pop', 'pop']",Andorra
De Cora <3,22Sh5dlwbERqJAq1fZk5b2,81,Afrodisíaco,3fq06DDIkadDRB9RuBb22v,2020-11-13,Rauw Alejandro,1mcTU81TzQhprhouKaTkpq,0.8109999999999999,0.6829999999999999,11,-2.028,0,0.24100000000000002,0.46,4.7499999999999996e-05,0.128,0.5710000000000001,176.037,audio_features,22Sh5dlwbERqJAq1fZk5b2,spotify:track:22Sh5dlwbERqJAq1fZk5b2,https://api.spotify.com/v1/tracks/22Sh5dlwbERqJAq1fZk5b2,https://api.spotify.com/v1/audio-analysis/22Sh5dlwbERqJAq1fZk5b2,190101,4,"['puerto rican pop', 'trap latino']",Andorra
PAM,0eeKDrQxjqNl5bX5VCHDcn,80,PAM,4cQLUsauu6PltpXfMxQH3U,2020-05-01,Justin Quiles,14zUHaJZo1mnYtn6IBRaRP,0.889,0.863,11,-3.011,1,0.0757,0.289,0.000603,0.0798,0.7759999999999999,112.95299999999999,audio_features,0eeKDrQxjqNl5bX5VCHDcn,spotify:track:0eeKDrQxjqNl5bX5VCHDcn,https://api.spotify.com/v1/tracks/0eeKDrQxjqNl5bX5VCHDcn,https://api.spotify.com/v1/audio-analysis/0eeKDrQxjqNl5bX5VCHDcn,201000,4,"['latin', 'reggaeton', 'trap latino']",Andorra
Problemas,2aQJOc2QUTdQl1J2Z9VxYO,80,Problemas,0OXuXnfwVvYPtopY9XFRVE,2020-10-11,Paris Boy,6ONwLtT6vOzlO3pfZNAOMw,0.787,0.23800000000000002,1,-13.154000000000002,0,0.0554,0.677,2.2e-05,0.0869,0.262,98.022,audio_features,2aQJOc2QUTdQl1J2Z9VxYO,spotify:track:2aQJOc2QUTdQl1J2Z9VxYO,https://api.spotify.com/v1/tracks/2aQJOc2QUTdQl1J2Z9VxYO,https://api.spotify.com/v1/audio-analysis/2aQJOc2QUTdQl1J2Z9VxYO,222892,4,[],Andorra
Polvo,68mrW6gXHgupgSiDHgaDi5,79,Polvo,3xhACmNvvaKmvdslE1bevB,2020-11-20,Nicky Jam,1SupJlEpv7RS2tPNRaHViT,0.763,0.621,11,-6.169,0,0.066,0.0105,2.94e-06,0.106,0.5820000000000001,82.042,audio_features,68mrW6gXHgupgSiDHgaDi5,spotify:track:68mrW6gXHgupgSiDHgaDi5,https://api.spotify.com/v1/tracks/68mrW6gXHgupgSiDHgaDi5,https://api.spotify.com/v1/audio-analysis/68mrW6gXHgupgSiDHgaDi5,211130,4,"['latin', 'latin hip hop', 'reggaeton', 'trap latino', 'tropical']",Andorra
Caramelo,5Jm4w8jmPEBTLjI9vH4fXo,79,ENOC,69iuPQsXel3luOSDNF0q2Q,2020-09-04,Ozuna,1i8SpTcr7yvPOmcqrbnVXY,0.735,0.7909999999999999,6,-4.462,1,0.0679,0.0529,0.000146,0.145,0.6970000000000001,168.08700000000002,audio_features,5Jm4w8jmPEBTLjI9vH4fXo,spotify:track:5Jm4w8jmPEBTLjI9vH4fXo,https://api.spotify.com/v1/tracks/5Jm4w8jmPEBTLjI9vH4fXo,https://api.spotify.com/v1/audio-analysis/5Jm4w8jmPEBTLjI9vH4fXo,217240,4,"['latin', 'puerto rican pop', 'reggaeton', 'trap latino']",Andorra
Favorito,0jT8Nl0shPS8115is0wD2Q,79,Por Primera Vez,6xS6mQz1fQZ6eZE654J15I,2020-04-17,Camilo,28gNT5KBp7IjEOQoevXf9N,0.606,0.853,9,-2.975,1,0.0545,0.237,0.0,0.251,0.8220000000000001,178.043,audio_features,0jT8Nl0shPS8115is0wD2Q,spotify:track:0jT8Nl0shPS8115is0wD2Q,https://api.spotify.com/v1/tracks/0jT8Nl0shPS8115is0wD2Q,https://api.spotify.com/v1/audio-analysis/0jT8Nl0shPS8115is0wD2Q,209766,4,"['colombian pop', 'reggaeton colombiano']",Andorra
Entre Tú y Yo,1nxlRYbM2Ral4im0LExtZY,79,Entre Tú y Yo,71pIdKd5QqEp1mnSC3ZUJ3,2020-02-13,Chema Rivas,1tMWkquIkQtVD6vaZlDbSQ,0.8540000000000001,0.669,9,-5.206,0,0.0617,0.28800000000000003,0.0,0.221,0.484,120.023,audio_features,1nxlRYbM2Ral4im0LExtZY,spotify:track:1nxlRYbM2Ral4im0LExtZY,https://api.spotify.com/v1/tracks/1nxlRYbM2Ral4im0LExtZY,https://api.spotify.com/v1/audio-analysis/1nxlRYbM2Ral4im0LExtZY,224000,4,['spanish pop'],Andorra
Scared to Be Lonely,3ebXMykcMXOcLeJ9xZ17XH,79,Scared to Be Lonely,2v9rQe4F8fVSh5v8bAq0jF,2017-01-27,Martin Garrix,60d24wfXkVzDSfLS6hyCjZ,0.584,0.54,1,-7.7860000000000005,0,0.0576,0.0895,0.0,0.261,0.195,137.972,audio_features,3ebXMykcMXOcLeJ9xZ17XH,spotify:track:3ebXMykcMXOcLeJ9xZ17XH,https://api.spotify.com/v1/tracks/3ebXMykcMXOcLeJ9xZ17XH,https://api.spotify.com/v1/audio-analysis/3ebXMykcMXOcLeJ9xZ17XH,220883,4,"['big room', 'dance pop', 'edm', 'electro house', 'pop', 'pop dance', 'progressive house', 'tropical house']",Andorra
Carita de Inocente (feat. Myke Towers) - Remix,5kQre7o8ky5DXeEPcyaCR1,78,Carita de Inocente (feat. Myke Towers) [Remix],54m2Pe3Khdiarwv2PCS8DY,2020-06-01,Prince Royce,3MHaV05u0io8fQbZ2XPtlC,0.565,0.7809999999999999,10,-3.358,0,0.061,0.364,0.0,0.0984,0.943,129.959,audio_features,5kQre7o8ky5DXeEPcyaCR1,spotify:track:5kQre7o8ky5DXeEPcyaCR1,https://api.spotify.com/v1/tracks/5kQre7o8ky5DXeEPcyaCR1,https://api.spotify.com/v1/audio-analysis/5kQre7o8ky5DXeEPcyaCR1,192698,4,"['bachata', 'latin', 'latin hip hop', 'latin pop', 'trap latino', 'tropical']",Andorra
Galway Girl,0afhq8XCExXpqazXczTSve,78,÷ (Deluxe),3T4tUhGYeRNVUGevb0wThu,2017-03-03,Ed Sheeran,6eUKZXaKkcviH0Ku9w2n3V,0.624,0.8759999999999999,9,-3.3739999999999997,1,0.1,0.0735,0.0,0.327,0.7809999999999999,99.943,audio_features,0afhq8XCExXpqazXczTSve,spotify:track:0afhq8XCExXpqazXczTSve,https://api.spotify.com/v1/tracks/0afhq8XCExXpqazXczTSve,https://api.spotify.com/v1/audio-analysis/0afhq8XCExXpqazXczTSve,170827,4,"['pop', 'uk pop']",Andorra
Roses - Imanbek Remix,2Wo6QQD1KMDWeFkkjLqwx5,78,Roses (Imanbek Remix),6XcYTEonLIpg9NpAbJnqrC,2019-09-13,SAINt JHN,0H39MdGGX6dbnnQPt6NQkZ,0.785,0.721,8,-5.457000000000001,1,0.0506,0.0149,0.00432,0.285,0.894,121.962,audio_features,2Wo6QQD1KMDWeFkkjLqwx5,spotify:track:2Wo6QQD1KMDWeFkkjLqwx5,https://api.spotify.com/v1/tracks/2Wo6QQD1KMDWeFkkjLqwx5,https://api.spotify.com/v1/audio-analysis/2Wo6QQD1KMDWeFkkjLqwx5,176219,4,"['melodic rap', 'pop rap', 'rap']",Andorra
A Un Paso De La Luna,7ql2RUmAmj36tkMUNWo7MT,78,A Un Paso De La Luna,0IuCnS7obPd6pE3lJx0Ax8,2020-08-14,Ana Mena,6k8mwkKJKKjBILo7ypBspl,0.7440000000000001,0.7709999999999999,10,-5.403,1,0.0531,0.39399999999999996,0.0,0.292,0.9540000000000001,121.96799999999999,audio_features,7ql2RUmAmj36tkMUNWo7MT,spotify:track:7ql2RUmAmj36tkMUNWo7MT,https://api.spotify.com/v1/tracks/7ql2RUmAmj36tkMUNWo7MT,https://api.spotify.com/v1/audio-analysis/7ql2RUmAmj36tkMUNWo7MT,167313,4,"['latin pop', 'spanish pop']",Andorra
Hecha Pa' Mi,3VvA1wSxukMLsvXoXtlwWx,78,Más Negro Que Rojo,1dzGsItgF4Gp1G4TNsdoXU,2020-07-31,Boza,2NfSBtmWe7oPw1EmetJVso,0.725,0.7559999999999999,4,-5.013,1,0.0572,0.36200000000000004,0.000685,0.10300000000000001,0.828,100.07,audio_features,3VvA1wSxukMLsvXoXtlwWx,spotify:track:3VvA1wSxukMLsvXoXtlwWx,https://api.spotify.com/v1/tracks/3VvA1wSxukMLsvXoXtlwWx,https://api.spotify.com/v1/audio-analysis/3VvA1wSxukMLsvXoXtlwWx,186133,4,['panamanian pop'],Andorra
No Drama,5Jq958VQwRyQFujau4TMKD,78,No Drama,3LzwUe8NBJtLco5uK6bbGO,2020-10-29,Becky G,4obzFoKoKRHIphyHzJ35G3,0.708,0.815,5,-4.164,0,0.0692,0.166,0.0,0.523,0.855,174.024,audio_features,5Jq958VQwRyQFujau4TMKD,spotify:track:5Jq958VQwRyQFujau4TMKD,https://api.spotify.com/v1/tracks/5Jq958VQwRyQFujau4TMKD,https://api.spotify.com/v1/audio-analysis/5Jq958VQwRyQFujau4TMKD,204828,4,"['dance pop', 'latin', 'latin pop', 'latin viral pop', 'pop', 'post-teen pop', 'rap latina', 'reggaeton', 'trap latino']",Andorra
Mi Regalo Mas Bonito,3JgGutjAwNXGAxcXaqVgWe,78,Mi Regalo Mas Bonito,6DPhumayXNmnw4woMnSNk9,2020-09-22,La Ross Maria,5AmJYBIvICxss43P05MkU8,0.669,0.524,8,-7.925,0,0.345,0.711,0.0,0.223,0.672,91.36,audio_features,3JgGutjAwNXGAxcXaqVgWe,spotify:track:3JgGutjAwNXGAxcXaqVgWe,https://api.spotify.com/v1/tracks/3JgGutjAwNXGAxcXaqVgWe,https://api.spotify.com/v1/audio-analysis/3JgGutjAwNXGAxcXaqVgWe,151467,4,['dominican pop'],Andorra
Castle on the Hill,6PCUP3dWmTjcTtXY02oFdT,77,÷ (Deluxe),3T4tUhGYeRNVUGevb0wThu,2017-03-03,Ed Sheeran,6eUKZXaKkcviH0Ku9w2n3V,0.461,0.8340000000000001,2,-4.868,1,0.0989,0.0232,1.1400000000000001e-05,0.14,0.47100000000000003,135.007,audio_features,6PCUP3dWmTjcTtXY02oFdT,spotify:track:6PCUP3dWmTjcTtXY02oFdT,https://api.spotify.com/v1/tracks/6PCUP3dWmTjcTtXY02oFdT,https://api.spotify.com/v1/audio-analysis/6PCUP3dWmTjcTtXY02oFdT,261154,4,"['pop', 'uk pop']",Andorra
Corazón Sin Vida,3OL6rKs4tpYCdPZ9SEx50p,77,Corazón Sin Vida,65jAsD6n85tGFFeuPhokaO,2020-10-02,Aitana,7eLcDZDYHXZCebtQmVFL25,0.48,0.5720000000000001,2,-4.013,1,0.0412,0.16899999999999998,0.0,0.0711,0.452,89.89,audio_features,3OL6rKs4tpYCdPZ9SEx50p,spotify:track:3OL6rKs4tpYCdPZ9SEx50p,https://api.spotify.com/v1/tracks/3OL6rKs4tpYCdPZ9SEx50p,https://api.spotify.com/v1/audio-analysis/3OL6rKs4tpYCdPZ9SEx50p,181978,4,"['latin pop', 'latin talent show', 'spanish pop']",Andorra
Swalla (feat. Nicki Minaj & Ty Dolla $ign),6kex4EBAj0WHXDKZMEJaaF,77,Swalla (feat. Nicki Minaj & Ty Dolla $ign),2e5CxfyEwBW115beiwh7Mc,2017-02-23,Jason Derulo,07YZf4WDAMNwqr4jfgOZ8y,0.696,0.8170000000000001,1,-3.862,1,0.109,0.075,0.0,0.187,0.782,98.064,audio_features,6kex4EBAj0WHXDKZMEJaaF,spotify:track:6kex4EBAj0WHXDKZMEJaaF,https://api.spotify.com/v1/tracks/6kex4EBAj0WHXDKZMEJaaF,https://api.spotify.com/v1/audio-analysis/6kex4EBAj0WHXDKZMEJaaF,216409,4,"['dance pop', 'pop', 'pop dance', 'pop rap', 'post-teen pop']",Andorra
El Manual,7kOf0qHO4Rcwk6QJifZDRJ,77,Emmanuel,7JtT7OyWM8BnIS5FXXPMKg,2020-05-29,Anuel AA,2R21vXR83lH98kGeO99Y66,0.843,0.845,0,-2.344,1,0.0503,0.35,0.00168,0.0527,0.898,126.98899999999999,audio_features,7kOf0qHO4Rcwk6QJifZDRJ,spotify:track:7kOf0qHO4Rcwk6QJifZDRJ,https://api.spotify.com/v1/tracks/7kOf0qHO4Rcwk6QJifZDRJ,https://api.spotify.com/v1/audio-analysis/7kOf0qHO4Rcwk6QJifZDRJ,210624,4,"['latin', 'reggaeton', 'reggaeton flow', 'trap latino']",Andorra
El Farsante,5EId1m4DNwTf3at31w8bPJ,76,Odisea,4s05NbwGgw5SO42AdsN5Oo,2017-08-25,Ozuna,1i8SpTcr7yvPOmcqrbnVXY,0.735,0.703,6,-4.249,1,0.0611,0.2,0.0,0.259,0.32299999999999995,120.007,audio_features,5EId1m4DNwTf3at31w8bPJ,spotify:track:5EId1m4DNwTf3at31w8bPJ,https://api.spotify.com/v1/tracks/5EId1m4DNwTf3at31w8bPJ,https://api.spotify.com/v1/audio-analysis/5EId1m4DNwTf3at31w8bPJ,233827,4,"['latin', 'puerto rican pop', 'reggaeton', 'trap latino']",Andorra
Rockabye (feat. Sean Paul & Anne-Marie),5knuzwU65gJK7IF5yJsuaW,76,Rockabye (feat. Sean Paul & Anne-Marie),3meZFplbMmji648oWUNEfQ,2016-10-21,Clean Bandit,6MDME20pz9RveH9rEXvrOM,0.72,0.763,9,-4.0680000000000005,0,0.0523,0.406,0.0,0.18,0.742,101.965,audio_features,5knuzwU65gJK7IF5yJsuaW,spotify:track:5knuzwU65gJK7IF5yJsuaW,https://api.spotify.com/v1/tracks/5knuzwU65gJK7IF5yJsuaW,https://api.spotify.com/v1/audio-analysis/5knuzwU65gJK7IF5yJsuaW,251088,4,"['dance pop', 'edm', 'pop', 'pop dance', 'post-teen pop', 'tropical house', 'uk dance', 'uk funky']",Andorra
Mami,55C0glNSvxJDCfgHwiCZb1,76,Mami,2ySo2W9Z1CL2rUPAzCfl8t,2019-12-27,Ptazeta,5UN0rzL594mWY2RbOtZqIN,0.616,0.649,7,-6.555,0,0.46399999999999997,0.598,1.9e-06,0.0788,0.6559999999999999,189.862,audio_features,55C0glNSvxJDCfgHwiCZb1,spotify:track:55C0glNSvxJDCfgHwiCZb1,https://api.spotify.com/v1/tracks/55C0glNSvxJDCfgHwiCZb1,https://api.spotify.com/v1/audio-analysis/55C0glNSvxJDCfgHwiCZb1,189493,4,['urbano espanol'],Andorra
Como Estrellas,3Iql4v0ISjuMqj7MNkuWJX,76,Como Estrellas,4CM8hbqwUgfo6vYTG4JHxm,2019-10-21,LA YOUNG,2Xi0zO1N71Ff9KymMs93YX,0.446,0.496,6,-6.051,1,0.0857,0.765,0.0,0.259,0.763,170.145,audio_features,3Iql4v0ISjuMqj7MNkuWJX,spotify:track:3Iql4v0ISjuMqj7MNkuWJX,https://api.spotify.com/v1/tracks/3Iql4v0ISjuMqj7MNkuWJX,https://api.spotify.com/v1/audio-analysis/3Iql4v0ISjuMqj7MNkuWJX,219000,4,['rap espanol'],Andorra
Pegao / Me Miro y La Mire (TikTok Hit),4Pzk85DqWoLqptyA5IlhLk,76,Pegao / Me Miro y La Mire (TikTok Hit),2owNg3nikzMzLuQy9n0Jqz,2020-05-20,Omega,1UjxAZqzphB1tsMb1aWBj0,0.945,0.521,10,-5.0280000000000005,0,0.271,0.105,0.0557,0.0568,0.861,120.031,audio_features,4Pzk85DqWoLqptyA5IlhLk,spotify:track:4Pzk85DqWoLqptyA5IlhLk,https://api.spotify.com/v1/tracks/4Pzk85DqWoLqptyA5IlhLk,https://api.spotify.com/v1/audio-analysis/4Pzk85DqWoLqptyA5IlhLk,216667,4,"['dominican pop', 'rap dominicano']",Andorra
It Ain't Me (with Selena Gomez),3eR23VReFzcdmS7TYCrhCe,76,It Ain't Me (with Selena Gomez),0IUCAsckpNyV4wHKIHQawC,2017-02-16,Kygo,23fqKkggKUBHNkbKtXEls4,0.64,0.5329999999999999,0,-6.596,1,0.0706,0.11900000000000001,0.0,0.0864,0.515,99.96799999999999,audio_features,3eR23VReFzcdmS7TYCrhCe,spotify:track:3eR23VReFzcdmS7TYCrhCe,https://api.spotify.com/v1/tracks/3eR23VReFzcdmS7TYCrhCe,https://api.spotify.com/v1/audio-analysis/3eR23VReFzcdmS7TYCrhCe,220781,4,"['edm', 'pop', 'pop dance', 'tropical house']",Andorra
Si Tú La Quieres,35qwAQ3oZeKAMhR3hCV9IM,75,Si Tú La Quieres,7Hl7NKHiik1ckE2SI21RlU,2020-04-02,David Bisbal,5gOJTI4TusSENizxhcG7jB,0.748,0.778,0,-4.582,0,0.0685,0.147,1.57e-06,0.09300000000000001,0.607,100.053,audio_features,35qwAQ3oZeKAMhR3hCV9IM,spotify:track:35qwAQ3oZeKAMhR3hCV9IM,https://api.spotify.com/v1/tracks/35qwAQ3oZeKAMhR3hCV9IM,https://api.spotify.com/v1/audio-analysis/35qwAQ3oZeKAMhR3hCV9IM,224761,4,"['latin', 'latin arena pop', 'latin pop', 'spanish pop', 'spanish pop rock', 'tropical']",Andorra
Me Rehúso,6De0lHrwBfPfrhorm9q1Xl,75,Me Rehúso,4RrvIEhnaHKpFxsjXc4D7d,2017-06-16,Danny Ocean,5H1nN1SzW0qNeUEZvuXjAj,0.7440000000000001,0.804,1,-6.327000000000001,1,0.0677,0.0231,0.0,0.0494,0.426,104.823,audio_features,6De0lHrwBfPfrhorm9q1Xl,spotify:track:6De0lHrwBfPfrhorm9q1Xl,https://api.spotify.com/v1/tracks/6De0lHrwBfPfrhorm9q1Xl,https://api.spotify.com/v1/audio-analysis/6De0lHrwBfPfrhorm9q1Xl,205715,4,"['latin', 'latin pop', 'pop venezolano', 'reggaeton', 'trap latino', 'tropical']",Andorra
Symphony (feat. Zara Larsson),1x5sYLZiu9r5E43kMlt9f8,75,Symphony (feat. Zara Larsson),4b13SJlne61y53KSEwuQtD,2017-03-16,Clean Bandit,6MDME20pz9RveH9rEXvrOM,0.7070000000000001,0.629,0,-4.581,0,0.0563,0.259,1.6e-05,0.138,0.457,122.863,audio_features,1x5sYLZiu9r5E43kMlt9f8,spotify:track:1x5sYLZiu9r5E43kMlt9f8,https://api.spotify.com/v1/tracks/1x5sYLZiu9r5E43kMlt9f8,https://api.spotify.com/v1/audio-analysis/1x5sYLZiu9r5E43kMlt9f8,212459,4,"['dance pop', 'edm', 'pop', 'pop dance', 'post-teen pop', 'tropical house', 'uk dance', 'uk funky']",Andorra
Más De Lo Que Aposté,00QBHaaP4KUcjlmxWriMbC,75,Más De Lo Que Aposté,4DAiwXZWP397meKmAG7xaS,2020-07-30,Aitana,7eLcDZDYHXZCebtQmVFL25,0.621,0.9179999999999999,1,-3.01,0,0.0552,0.0754,0.0,0.13,0.8340000000000001,151.988,audio_features,00QBHaaP4KUcjlmxWriMbC,spotify:track:00QBHaaP4KUcjlmxWriMbC,https://api.spotify.com/v1/tracks/00QBHaaP4KUcjlmxWriMbC,https://api.spotify.com/v1/audio-analysis/00QBHaaP4KUcjlmxWriMbC,205031,4,"['latin pop', 'latin talent show', 'spanish pop']",Andorra
Wild Thoughts (feat. Rihanna & Bryson Tiller),1OAh8uOEOvTDqkKFsKksCi,74,Grateful,4JBZ0QHveEpESepanNBG8A,2017-06-22,DJ Khaled,0QHgL1lAIqAw0HtD7YldmP,0.6709999999999999,0.672,0,-3.094,0,0.0688,0.0329,0.0,0.11800000000000001,0.632,97.979,audio_features,1OAh8uOEOvTDqkKFsKksCi,spotify:track:1OAh8uOEOvTDqkKFsKksCi,https://api.spotify.com/v1/tracks/1OAh8uOEOvTDqkKFsKksCi,https://api.spotify.com/v1/audio-analysis/1OAh8uOEOvTDqkKFsKksCi,204173,4,"['dance pop', 'hip hop', 'miami hip hop', 'pop', 'pop rap', 'rap', 'southern hip hop', 'trap']",Andorra
"I'm the One (feat. Justin Bieber, Quavo, Chance the Rapper & Lil Wayne)",3DXncPQOG4VBw3QHh3S817,74,Grateful,4JBZ0QHveEpESepanNBG8A,2017-06-22,DJ Khaled,0QHgL1lAIqAw0HtD7YldmP,0.609,0.6679999999999999,7,-4.284,1,0.0367,0.0552,0.0,0.16699999999999998,0.8109999999999999,80.92399999999999,audio_features,3DXncPQOG4VBw3QHh3S817,spotify:track:3DXncPQOG4VBw3QHh3S817,https://api.spotify.com/v1/tracks/3DXncPQOG4VBw3QHh3S817,https://api.spotify.com/v1/audio-analysis/3DXncPQOG4VBw3QHh3S817,288600,4,"['dance pop', 'hip hop', 'miami hip hop', 'pop', 'pop rap', 'rap', 'southern hip hop', 'trap']",Andorra
Tu Foto Del DNI,1eWWdO6oIBdJT8SCXaYCYV,74,Tu Foto Del DNI,3NJKXmNaDC83yJhGX76Uc8,2020-09-14,Marmi,4ckWVaYN8j0EZrNFRHmxZx,0.488,0.922,10,-2.542,0,0.0978,0.0306,0.0,0.374,0.52,172.804,audio_features,1eWWdO6oIBdJT8SCXaYCYV,spotify:track:1eWWdO6oIBdJT8SCXaYCYV,https://api.spotify.com/v1/tracks/1eWWdO6oIBdJT8SCXaYCYV,https://api.spotify.com/v1/audio-analysis/1eWWdO6oIBdJT8SCXaYCYV,179653,4,"['rap espanol', 'spanish pop']",Andorra
Chantaje (feat. Maluma),6mICuAdrwEjh6Y6lroV2Kg,74,El Dorado,6bUxh58rYTL67FS8dyTKMN,2017-05-26,Shakira,0EmeFodog0BfCgMzAIvKQp,0.852,0.773,8,-2.9210000000000003,0,0.0776,0.187,3.05e-05,0.159,0.907,102.03399999999999,audio_features,6mICuAdrwEjh6Y6lroV2Kg,spotify:track:6mICuAdrwEjh6Y6lroV2Kg,https://api.spotify.com/v1/tracks/6mICuAdrwEjh6Y6lroV2Kg,https://api.spotify.com/v1/audio-analysis/6mICuAdrwEjh6Y6lroV2Kg,195840,4,"['colombian pop', 'dance pop', 'latin', 'latin pop', 'pop']",Andorra
Yo No Voy,2tuL5CiDgPwwJXTFxUlfpX,74,Yo No Voy,76zopGrYObFywii6Vy8UKg,2020-10-30,Morad,4az97MtWmBQ5Db3GfDh9j9,0.795,0.72,2,-6.653,0,0.0931,0.33399999999999996,0.000229,0.10400000000000001,0.687,143.939,audio_features,2tuL5CiDgPwwJXTFxUlfpX,spotify:track:2tuL5CiDgPwwJXTFxUlfpX,https://api.spotify.com/v1/tracks/2tuL5CiDgPwwJXTFxUlfpX,https://api.spotify.com/v1/audio-analysis/2tuL5CiDgPwwJXTFxUlfpX,245000,4,"['drill espanol', 'trap latino', 'urbano espanol']",Andorra
Nunca Estoy,6f4LYJwICqxoAILj82kwB0,74,Nunca Estoy,4OYHwdjX2Ocuj792RJETJ9,2020-04-23,C. Tangana,5TYxZTjIPqKM8K8NuP9woO,0.917,0.377,2,-5.132000000000001,1,0.161,0.474,0.00367,0.298,0.39799999999999996,134.994,audio_features,6f4LYJwICqxoAILj82kwB0,spotify:track:6f4LYJwICqxoAILj82kwB0,https://api.spotify.com/v1/tracks/6f4LYJwICqxoAILj82kwB0,https://api.spotify.com/v1/audio-analysis/6f4LYJwICqxoAILj82kwB0,162222,4,['urbano espanol'],Andorra
"Feels (feat. Pharrell Williams, Katy Perry & Big Sean)",5bcTCxgc7xVfSaMV3RuVke,74,Funk Wav Bounces Vol.1,2HaqChIDc5go3qxVunBDK0,2017-06-30,Calvin Harris,7CajNmpbOovFoOoasH2HaY,0.893,0.745,11,-3.105,0,0.0571,0.0642,0.0,0.0943,0.872,101.01799999999999,audio_features,5bcTCxgc7xVfSaMV3RuVke,spotify:track:5bcTCxgc7xVfSaMV3RuVke,https://api.spotify.com/v1/tracks/5bcTCxgc7xVfSaMV3RuVke,https://api.spotify.com/v1/audio-analysis/5bcTCxgc7xVfSaMV3RuVke,223413,4,"['dance pop', 'edm', 'electro house', 'house', 'pop', 'pop dance', 'progressive house', 'uk dance']",Andorra
Motorola,3XkPX66UVP2FhtnvJBzpl1,73,Motorola,21L9Iq7SgVei9s2Kj3oMbA,2020-11-13,Morad,4az97MtWmBQ5Db3GfDh9j9,0.88,0.741,5,-5.377000000000001,0,0.0553,0.226,2.9600000000000005e-05,0.0894,0.779,129.965,audio_features,3XkPX66UVP2FhtnvJBzpl1,spotify:track:3XkPX66UVP2FhtnvJBzpl1,https://api.spotify.com/v1/tracks/3XkPX66UVP2FhtnvJBzpl1,https://api.spotify.com/v1/audio-analysis/3XkPX66UVP2FhtnvJBzpl1,195692,4,"['drill espanol', 'trap latino', 'urbano espanol']",Andorra
Reggaetón Lento (Bailemos),3AEZUABDXNtecAOSC1qTfo,73,Primera Cita,0YLrAWUbY0nyM7PFtqnYld,2016-08-26,CNCO,0eecdvMrqBftK0M1VKhaF4,0.7609999999999999,0.838,4,-3.073,0,0.0502,0.4,0.0,0.17600000000000002,0.71,93.97399999999999,audio_features,3AEZUABDXNtecAOSC1qTfo,spotify:track:3AEZUABDXNtecAOSC1qTfo,https://api.spotify.com/v1/tracks/3AEZUABDXNtecAOSC1qTfo,https://api.spotify.com/v1/audio-analysis/3AEZUABDXNtecAOSC1qTfo,222560,4,"['boy band', 'latin', 'latin pop', 'reggaeton', 'tropical']",Andorra
cómo te va?,3lf6mWt6LkbQ4OarnxrBGD,73,cómo te va?,77moYaJ9XiDjHZCGBveUKD,2020-10-29,Lola Indigo,3bvfu2KAve4lPHrhEFDZna,0.6890000000000001,0.608,11,-7.245,1,0.14400000000000002,0.314,0.0,0.09300000000000001,0.556,90.165,audio_features,3lf6mWt6LkbQ4OarnxrBGD,spotify:track:3lf6mWt6LkbQ4OarnxrBGD,https://api.spotify.com/v1/tracks/3lf6mWt6LkbQ4OarnxrBGD,https://api.spotify.com/v1/audio-analysis/3lf6mWt6LkbQ4OarnxrBGD,218853,4,['spanish pop'],Andorra
Djadja (feat. Maluma) - Remix,13vDU8nPsvTGEVTMB8Vw7g,73,NAKAMURA (Deluxe Edition),0A4T5QCqEgcyKcKqZhAIlP,2019-10-25,Aya Nakamura,7IlRNXHjoOCgEAWN5qYksg,0.7909999999999999,0.682,5,-7.327999999999999,1,0.158,0.175,0.0,0.0926,0.672,98.031,audio_features,13vDU8nPsvTGEVTMB8Vw7g,spotify:track:13vDU8nPsvTGEVTMB8Vw7g,https://api.spotify.com/v1/tracks/13vDU8nPsvTGEVTMB8Vw7g,https://api.spotify.com/v1/audio-analysis/13vDU8nPsvTGEVTMB8Vw7g,166851,4,"['basshall', 'francoton']",Andorra
Se iluminaba,3VPOZWtj8mM89IiRNygxgS,72,Uebe,6ZWT9vaRmBayZ6wpm7c5Un,2019-09-13,Fred De Palma,0QrUbsrL5imqntAfDl8i7q,0.7909999999999999,0.693,0,-4.98,0,0.0639,0.0811,0.0,0.0708,0.624,123.92299999999999,audio_features,3VPOZWtj8mM89IiRNygxgS,spotify:track:3VPOZWtj8mM89IiRNygxgS,https://api.spotify.com/v1/tracks/3VPOZWtj8mM89IiRNygxgS,https://api.spotify.com/v1/audio-analysis/3VPOZWtj8mM89IiRNygxgS,174291,4,"['italian adult pop', 'italian pop']",Andorra
SUBEME LA RADIO (feat. Descemer Bueno & Zion & Lennox),7nKBxz47S9SD79N086fuhn,72,SUBEME LA RADIO (feat. Descemer Bueno & Zion & Lennox),2Ib7wM5qXKXDzZFhzNQ7TG,2017-02-24,Enrique Iglesias,7qG3b048QCHVRO5Pv1T5lw,0.684,0.823,9,-3.2969999999999997,0,0.0773,0.0744,0.0,0.111,0.647,91.04799999999999,audio_features,7nKBxz47S9SD79N086fuhn,spotify:track:7nKBxz47S9SD79N086fuhn,https://api.spotify.com/v1/tracks/7nKBxz47S9SD79N086fuhn,https://api.spotify.com/v1/audio-analysis/7nKBxz47S9SD79N086fuhn,208163,4,"['dance pop', 'latin', 'latin pop', 'mexican pop', 'pop', 'tropical']",Andorra
Flamenkito,4fsj5oMLYrCUlTDs4P9qw5,71,Flamenkito,1gXu9jczbkEdYN6FNekRqH,2020-05-07,Lérica,4d3kmfoZBTuUPSUjgP45uo,0.73,0.7140000000000001,0,-2.9789999999999996,1,0.107,0.0877,0.0,0.11699999999999999,0.924,94.896,audio_features,4fsj5oMLYrCUlTDs4P9qw5,spotify:track:4fsj5oMLYrCUlTDs4P9qw5,https://api.spotify.com/v1/tracks/4fsj5oMLYrCUlTDs4P9qw5,https://api.spotify.com/v1/audio-analysis/4fsj5oMLYrCUlTDs4P9qw5,202153,4,['spanish pop'],Andorra
Mil Tequilas,0qvfIq8RsH3sOZk9JIuUhn,71,Mil Tequilas,4nHfUeGKQdojsXxwfBrXpb,2019-10-18,Chema Rivas,1tMWkquIkQtVD6vaZlDbSQ,0.698,0.772,1,-3.9360000000000004,1,0.133,0.22399999999999998,0.0,0.0957,0.284,100.103,audio_features,0qvfIq8RsH3sOZk9JIuUhn,spotify:track:0qvfIq8RsH3sOZk9JIuUhn,https://api.spotify.com/v1/tracks/0qvfIq8RsH3sOZk9JIuUhn,https://api.spotify.com/v1/audio-analysis/0qvfIq8RsH3sOZk9JIuUhn,255450,4,['spanish pop'],Andorra
Una Lady Como Tú,7MHN1aCFtLXjownGhvEQlF,71,Una Lady Como Tú,75maIus9xRaEQzPXOSOTew,2017-04-10,Manuel Turizo,0tmwSHipWxN12fsoLcFU3B,0.7879999999999999,0.47700000000000004,4,-7.348,1,0.0434,0.5489999999999999,0.0,0.349,0.86,94.98299999999999,audio_features,7MHN1aCFtLXjownGhvEQlF,spotify:track:7MHN1aCFtLXjownGhvEQlF,https://api.spotify.com/v1/tracks/7MHN1aCFtLXjownGhvEQlF,https://api.spotify.com/v1/audio-analysis/7MHN1aCFtLXjownGhvEQlF,213027,4,"['colombian pop', 'latin', 'latin pop', 'reggaeton', 'reggaeton colombiano', 'trap latino', 'tropical']",Andorra
Sueño (con Pablo Alborán),71M1szVbVYZM5M6QlIm6aC,70,Prisma,3p9YnUYZyns6PGxTbKeLFq,2019-10-25,Beret,0ZHPrnImGh4re3TbSNkoZl,0.667,0.613,8,-5.604,0,0.0412,0.37200000000000005,0.0,0.174,0.54,105.064,audio_features,71M1szVbVYZM5M6QlIm6aC,spotify:track:71M1szVbVYZM5M6QlIm6aC,https://api.spotify.com/v1/tracks/71M1szVbVYZM5M6QlIm6aC,https://api.spotify.com/v1/audio-analysis/71M1szVbVYZM5M6QlIm6aC,185482,4,"['spanish hip hop', 'spanish pop']",Andorra
Paris,72jbDTw1piOOj770jWNeaG,70,Memories...Do Not Open,4JPguzRps3kuWDD5GS6oXr,2017-04-07,The Chainsmokers,69GGBxA162lTqCwzJG5jLp,0.653,0.6579999999999999,2,-6.428,1,0.0304,0.0215,1.66e-06,0.0939,0.21899999999999997,99.99,audio_features,72jbDTw1piOOj770jWNeaG,spotify:track:72jbDTw1piOOj770jWNeaG,https://api.spotify.com/v1/tracks/72jbDTw1piOOj770jWNeaG,https://api.spotify.com/v1/audio-analysis/72jbDTw1piOOj770jWNeaG,221507,4,"['edm', 'electropop', 'pop', 'pop dance', 'tropical house']",Andorra
Trendy,6KS9MjBx9PnEetb0XUqGv6,70,Trendy,7tSdas1MzZuLc0qdygQfm2,2020-07-24,Rvfv,2CCgb0KApjfQDuTppovpf8,0.732,0.748,1,-3.9389999999999996,0,0.243,0.535,0.000299,0.18,0.418,100.835,audio_features,6KS9MjBx9PnEetb0XUqGv6,spotify:track:6KS9MjBx9PnEetb0XUqGv6,https://api.spotify.com/v1/tracks/6KS9MjBx9PnEetb0XUqGv6,https://api.spotify.com/v1/audio-analysis/6KS9MjBx9PnEetb0XUqGv6,183564,4,"['flamenco urbano', 'trap latino', 'urbano espanol']",Andorra
4 besos,49QwoSLuV69Fd8bwTqdZvs,70,4 besos,6Giz4BUSi7vyoEIr2NmPIC,2020-03-27,Lola Indigo,3bvfu2KAve4lPHrhEFDZna,0.865,0.6579999999999999,1,-3.035,0,0.08,0.21600000000000003,4.72e-06,0.0325,0.713,90.015,audio_features,49QwoSLuV69Fd8bwTqdZvs,spotify:track:49QwoSLuV69Fd8bwTqdZvs,https://api.spotify.com/v1/tracks/49QwoSLuV69Fd8bwTqdZvs,https://api.spotify.com/v1/audio-analysis/49QwoSLuV69Fd8bwTqdZvs,232526,4,['spanish pop'],Andorra
A Güiro,4hgIsfE3u7duCJFYXm6kZe,70,A Güiro,2vc3hjRH4d1RzwTxKJDxSa,2020-04-23,Rafa Pabön,11YLRSsZA3YVuQQtHXKTlz,0.958,0.581,4,-5.4239999999999995,0,0.134,0.185,0.0707,0.0282,0.902,120.02600000000001,audio_features,4hgIsfE3u7duCJFYXm6kZe,spotify:track:4hgIsfE3u7duCJFYXm6kZe,https://api.spotify.com/v1/tracks/4hgIsfE3u7duCJFYXm6kZe,https://api.spotify.com/v1/audio-analysis/4hgIsfE3u7duCJFYXm6kZe,163250,4,"['reggaeton', 'reggaeton flow', 'trap latino']",Andorra
Dance Monkey,1rgnBhdG2JDFTbYkYRZAku,69,Dance Monkey,31IDBea3eEs57a0joX6TjN,2019-05-10,Tones And I,2NjfBq1NflQcKSeiDooVjY,0.825,0.593,6,-6.401,0,0.0988,0.688,0.000161,0.17,0.54,98.07799999999999,audio_features,1rgnBhdG2JDFTbYkYRZAku,spotify:track:1rgnBhdG2JDFTbYkYRZAku,https://api.spotify.com/v1/tracks/1rgnBhdG2JDFTbYkYRZAku,https://api.spotify.com/v1/audio-analysis/1rgnBhdG2JDFTbYkYRZAku,209755,4,['australian pop'],Andorra
2U (feat. Justin Bieber),3A7qX2QjDlPnazUsRk5y0M,69,2U (feat. Justin Bieber),1PZviVfBJJxNw5EtAwzdUu,2017-06-09,David Guetta,1Cs0zKBU1kc0i8ypK3B9ai,0.5479999999999999,0.65,8,-5.827000000000001,0,0.0591,0.21899999999999997,0.0,0.225,0.557,144.937,audio_features,3A7qX2QjDlPnazUsRk5y0M,spotify:track:3A7qX2QjDlPnazUsRk5y0M,https://api.spotify.com/v1/tracks/3A7qX2QjDlPnazUsRk5y0M,https://api.spotify.com/v1/audio-analysis/3A7qX2QjDlPnazUsRk5y0M,194897,4,"['dance pop', 'edm', 'pop', 'pop dance', 'tropical house']",Andorra
Pa toda la vida (feat. Mozart La Para),6DDb7XRNUzeHmSoTbw5nmm,69,Pa toda la vida (feat. Mozart La Para),0Ts0BIPx6Gcf7YZsn6EZ0W,2020-05-22,Don Patricio,6vPXtLmNd3mW0dd1Rb9eQ9,0.6920000000000001,0.639,2,-5.336,1,0.228,0.218,3.91e-05,0.147,0.511,98.461,audio_features,6DDb7XRNUzeHmSoTbw5nmm,spotify:track:6DDb7XRNUzeHmSoTbw5nmm,https://api.spotify.com/v1/tracks/6DDb7XRNUzeHmSoTbw5nmm,https://api.spotify.com/v1/audio-analysis/6DDb7XRNUzeHmSoTbw5nmm,212331,4,"['trap latino', 'urbano espanol']",Andorra
El Amante,3umS4y3uQDkqekNjVpiRUs,69,Fénix,2dBgWXp41imu2zBNv9oFxZ,2017-01-20,Nicky Jam,1SupJlEpv7RS2tPNRaHViT,0.6829999999999999,0.691,8,-5.535,1,0.0432,0.243,0.0,0.14,0.732,179.91,audio_features,3umS4y3uQDkqekNjVpiRUs,spotify:track:3umS4y3uQDkqekNjVpiRUs,https://api.spotify.com/v1/tracks/3umS4y3uQDkqekNjVpiRUs,https://api.spotify.com/v1/audio-analysis/3umS4y3uQDkqekNjVpiRUs,219507,4,"['latin', 'latin hip hop', 'reggaeton', 'trap latino', 'tropical']",Andorra
Me Enamoré,4qknM1pQz53QOyfDVTjcM9,69,El Dorado,6bUxh58rYTL67FS8dyTKMN,2017-05-26,Shakira,0EmeFodog0BfCgMzAIvKQp,0.74,0.879,9,-2.251,0,0.105,0.193,8.25e-05,0.0928,0.948,103.71,audio_features,4qknM1pQz53QOyfDVTjcM9,spotify:track:4qknM1pQz53QOyfDVTjcM9,https://api.spotify.com/v1/tracks/4qknM1pQz53QOyfDVTjcM9,https://api.spotify.com/v1/audio-analysis/4qknM1pQz53QOyfDVTjcM9,226893,4,"['colombian pop', 'dance pop', 'latin', 'latin pop', 'pop']",Andorra
Entre tú y yo,2nleoafEjZ3h1NUtkz6i1X,67,Entre tú y yo,5nyfB0zGb1AuiPaBEy1Yj2,2020-02-14,Chema Rivas,1tMWkquIkQtVD6vaZlDbSQ,0.8540000000000001,0.669,9,-5.206,0,0.0617,0.28800000000000003,0.0,0.221,0.484,120.023,audio_features,2nleoafEjZ3h1NUtkz6i1X,spotify:track:2nleoafEjZ3h1NUtkz6i1X,https://api.spotify.com/v1/tracks/2nleoafEjZ3h1NUtkz6i1X,https://api.spotify.com/v1/audio-analysis/2nleoafEjZ3h1NUtkz6i1X,224000,4,['spanish pop'],Andorra
I Feel It Coming,5GXAXm5YOmYT0kL5jHvYBt,67,Starboy,4AdZV63ycxFLF6Hcol0QnB,2016-11-24,The Weeknd,1Xyo4u8uXC1ZmMpatF05PJ,0.773,0.8190000000000001,0,-5.946000000000001,0,0.11800000000000001,0.426,0.0,0.0679,0.585,92.99,audio_features,5GXAXm5YOmYT0kL5jHvYBt,spotify:track:5GXAXm5YOmYT0kL5jHvYBt,https://api.spotify.com/v1/tracks/5GXAXm5YOmYT0kL5jHvYBt,https://api.spotify.com/v1/audio-analysis/5GXAXm5YOmYT0kL5jHvYBt,269187,4,"['canadian contemporary r&b', 'canadian pop', 'pop']",Andorra
Mala Mujer,6puxHBNwu2Nmm7uD3Rd2MP,61,Mala Mujer,2pWiw92YRmqEpIUs5P1HAe,2017-05-26,C. Tangana,5TYxZTjIPqKM8K8NuP9woO,0.836,0.731,0,-4.572,0,0.133,0.23800000000000002,2.1899999999999997e-05,0.0698,0.473,100.97399999999999,audio_features,6puxHBNwu2Nmm7uD3Rd2MP,spotify:track:6puxHBNwu2Nmm7uD3Rd2MP,https://api.spotify.com/v1/tracks/6puxHBNwu2Nmm7uD3Rd2MP,https://api.spotify.com/v1/audio-analysis/6puxHBNwu2Nmm7uD3Rd2MP,222896,4,['urbano espanol'],Andorra
MAMACITA,24IgCW19L8lXKyFZwzFtD3,58,Translation,2eORe6u9TPXYisYshyXVeH,2020-06-18,Black Eyed Peas,1yxSLGMDHlW21z4YXirZDS,0.88,0.626,2,-7.062,1,0.0473,0.19,0.000755,0.094,0.441,105.01,audio_features,24IgCW19L8lXKyFZwzFtD3,spotify:track:24IgCW19L8lXKyFZwzFtD3,https://api.spotify.com/v1/tracks/24IgCW19L8lXKyFZwzFtD3,https://api.spotify.com/v1/audio-analysis/24IgCW19L8lXKyFZwzFtD3,251429,4,"['dance pop', 'pop', 'pop dance', 'pop rap']",Andorra
Mama,0NiXXAI876aGImAd6rTj8w,56,Jonas Blue: Electronic Nature - The Mix 2017,0zMLyv1kNV2B0LDGEK2RbB,2017-07-14,Jonas Blue,1HBjj22wzbscIZ9sEb5dyf,0.7390000000000001,0.792,11,-4.256,0,0.0418,0.091,0.0,0.0516,0.547,104.016,audio_features,0NiXXAI876aGImAd6rTj8w,spotify:track:0NiXXAI876aGImAd6rTj8w,https://api.spotify.com/v1/tracks/0NiXXAI876aGImAd6rTj8w,https://api.spotify.com/v1/audio-analysis/0NiXXAI876aGImAd6rTj8w,181615,4,"['dance pop', 'edm', 'pop', 'pop dance', 'tropical house', 'uk dance']",Andorra
Hey Ma (with Pitbull & J Balvin feat. Camila Cabello) - Spanish Version,2Vdub5mY4lad7w64bFPUez,54,Hey Ma (with Pitbull & J Balvin feat. Camila Cabello) [Spanish Version],620wwdsvJGaC4uh8Fj416Y,2017-03-09,Pitbull,0TnOYISbd1XYRBk9myaseg,0.489,0.9620000000000001,0,-2.597,1,0.215,0.0277,6.18e-06,0.128,0.518,104.56299999999999,audio_features,2Vdub5mY4lad7w64bFPUez,spotify:track:2Vdub5mY4lad7w64bFPUez,https://api.spotify.com/v1/tracks/2Vdub5mY4lad7w64bFPUez,https://api.spotify.com/v1/audio-analysis/2Vdub5mY4lad7w64bFPUez,194942,4,"['dance pop', 'latin', 'miami hip hop', 'pop', 'pop dance', 'pop rap']",Andorra
Call On Me - Ryan Riback Extended Remix,78rIJddV4X0HkNAInEcYde,48,Call On Me (Remixes),4pZbAcipxqdFcwjiFkuwes,2016-10-14,Starley,02A3cEvlLLCbIMVDrK2GHV,0.67,0.838,0,-4.031000000000001,1,0.0362,0.0604,0.000611,0.159,0.7170000000000001,104.99799999999999,audio_features,78rIJddV4X0HkNAInEcYde,spotify:track:78rIJddV4X0HkNAInEcYde,https://api.spotify.com/v1/tracks/78rIJddV4X0HkNAInEcYde,https://api.spotify.com/v1/audio-analysis/78rIJddV4X0HkNAInEcYde,222041,4,"['aussietronica', 'pop dance', 'tropical house']",Andorra
Nicki Minaj,2UUpUZwyPvr7SE0iyhO4PO,33,Nicki Minaj,6aLdaf6rFVUFwhd2klhTa5,2020-11-12,Diktion,4ls0Stij2ODGIZozXwPwO0,0.742,0.5579999999999999,7,-10.787,0,0.15,0.5820000000000001,0.0,0.14300000000000002,0.19399999999999998,95.02600000000001,audio_features,2UUpUZwyPvr7SE0iyhO4PO,spotify:track:2UUpUZwyPvr7SE0iyhO4PO,https://api.spotify.com/v1/tracks/2UUpUZwyPvr7SE0iyhO4PO,https://api.spotify.com/v1/audio-analysis/2UUpUZwyPvr7SE0iyhO4PO,232441,4,['musica andorra'],Andorra
Attention,4iLqG9SeJSnt0cSPICSjxv,8,Attention,0t0NkQulrNkxw2oUZZHboA,2017-04-20,Charlie Puth,6VuMaDnrHyPL1p4EHjYLi7,0.774,0.626,3,-4.4319999999999995,0,0.0432,0.0969,3.12e-05,0.0848,0.777,100.041,audio_features,4iLqG9SeJSnt0cSPICSjxv,spotify:track:4iLqG9SeJSnt0cSPICSjxv,https://api.spotify.com/v1/tracks/4iLqG9SeJSnt0cSPICSjxv,https://api.spotify.com/v1/audio-analysis/4iLqG9SeJSnt0cSPICSjxv,211475,4,"['dance pop', 'pop', 'post-teen pop', 'viral pop']",Andorra
Despacito - Remix,5CtI0qwDJkDQGwXD1H1cLb,5,Despacito Feat. Justin Bieber (Remix),3smvpv7CdrhVcGYaNDLOqn,2017-04-17,Luis Fonsi,4V8Sr092TqfHkfAA5fXXqG,0.6940000000000001,0.815,2,-4.328,1,0.12,0.22899999999999998,0.0,0.0924,0.813,88.931,audio_features,5CtI0qwDJkDQGwXD1H1cLb,spotify:track:5CtI0qwDJkDQGwXD1H1cLb,https://api.spotify.com/v1/tracks/5CtI0qwDJkDQGwXD1H1cLb,https://api.spotify.com/v1/audio-analysis/5CtI0qwDJkDQGwXD1H1cLb,228827,4,"['latin', 'latin pop', 'puerto rican pop', 'tropical']",Andorra
Malibu,2habSXqcJGExM6JJyskY7O,4,Malibu,7CUczABBlsbd5fqng9mjxo,2017-05-11,Miley Cyrus,5YGY8feqx7naU7z4HrwZM6,0.565,0.782,8,-6.412999999999999,1,0.0506,0.0577,4.16e-05,0.0757,0.4,140.004,audio_features,2habSXqcJGExM6JJyskY7O,spotify:track:2habSXqcJGExM6JJyskY7O,https://api.spotify.com/v1/tracks/2habSXqcJGExM6JJyskY7O,https://api.spotify.com/v1/audio-analysis/2habSXqcJGExM6JJyskY7O,231906,4,"['dance pop', 'pop', 'pop dance', 'post-teen pop']",Andorra
Despacito (Featuring Daddy Yankee),4aWmUDTfIPGksMNLV2rQP2,4,Despacito (Featuring Daddy Yankee),1HV4uCbhCicfl07dm2WvU0,2017-01-13,Luis Fonsi,4V8Sr092TqfHkfAA5fXXqG,0.66,0.7859999999999999,2,-4.757,1,0.17,0.209,0.0,0.11199999999999999,0.846,177.833,audio_features,4aWmUDTfIPGksMNLV2rQP2,spotify:track:4aWmUDTfIPGksMNLV2rQP2,https://api.spotify.com/v1/tracks/4aWmUDTfIPGksMNLV2rQP2,https://api.spotify.com/v1/audio-analysis/4aWmUDTfIPGksMNLV2rQP2,228200,4,"['latin', 'latin pop', 'puerto rican pop', 'tropical']",Andorra
There's Nothing Holdin' Me Back,79cuOz3SPQTuFrp8WgftAu,4,Illuminate (Deluxe),5yYFrOnqG8cEciKnsxHz2r,2017-04-20,Shawn Mendes,7n2wHs1TKAczGzO7Dd2rGr,0.857,0.8,2,-4.035,1,0.0583,0.381,0.0,0.0913,0.966,121.99600000000001,audio_features,79cuOz3SPQTuFrp8WgftAu,spotify:track:79cuOz3SPQTuFrp8WgftAu,https://api.spotify.com/v1/tracks/79cuOz3SPQTuFrp8WgftAu,https://api.spotify.com/v1/audio-analysis/79cuOz3SPQTuFrp8WgftAu,199440,4,"['canadian pop', 'dance pop', 'pop', 'post-teen pop', 'viral pop']",Andorra
Felices los 4,0qYTZCo5Bwh1nsUFGZP3zn,3,Felices los 4,6pFZVwBPXj3m4dyaKcnVev,2017-04-21,Maluma,1r4hJ1h58CWwUQe3MxPuau,0.755,0.789,5,-4.502,1,0.146,0.231,0.0,0.35100000000000003,0.737,93.973,audio_features,0qYTZCo5Bwh1nsUFGZP3zn,spotify:track:0qYTZCo5Bwh1nsUFGZP3zn,https://api.spotify.com/v1/tracks/0qYTZCo5Bwh1nsUFGZP3zn,https://api.spotify.com/v1/audio-analysis/0qYTZCo5Bwh1nsUFGZP3zn,229849,4,"['reggaeton', 'reggaeton colombiano']",Andorra
Starboy,5aAx2yezTd8zXrkmtKl66Z,3,Starboy,09fggMHib4YkOtwQNXEBII,2016-11-25,The Weeknd,1Xyo4u8uXC1ZmMpatF05PJ,0.6809999999999999,0.594,7,-7.028,1,0.282,0.165,3.49e-06,0.134,0.535,186.054,audio_features,5aAx2yezTd8zXrkmtKl66Z,spotify:track:5aAx2yezTd8zXrkmtKl66Z,https://api.spotify.com/v1/tracks/5aAx2yezTd8zXrkmtKl66Z,https://api.spotify.com/v1/audio-analysis/5aAx2yezTd8zXrkmtKl66Z,230453,4,"['canadian contemporary r&b', 'canadian pop', 'pop']",Andorra
Let Me Love You,4pdPtRcBmOSQDlJ3Fk945m,3,Encore,55bbXORm6ZrVq52zfZnxBf,2016-08-05,DJ Snake,540vIaP2JwjQb9dm3aArA4,0.47600000000000003,0.718,8,-5.309,1,0.0576,0.0784,1.0199999999999999e-05,0.122,0.142,199.864,audio_features,4pdPtRcBmOSQDlJ3Fk945m,spotify:track:4pdPtRcBmOSQDlJ3Fk945m,https://api.spotify.com/v1/tracks/4pdPtRcBmOSQDlJ3Fk945m,https://api.spotify.com/v1/audio-analysis/4pdPtRcBmOSQDlJ3Fk945m,205947,4,"['dance pop', 'edm', 'electro house', 'electronic trap', 'pop', 'pop dance', 'pop rap']",Andorra
Thunder,0tKcYR2II1VCQWT79i5NrW,3,Evolve,5GlPAy2PRJW06GVFhKwGTl,2017-06-23,Imagine Dragons,53XhwfbYqKCa1cC15pYq2q,0.6,0.81,0,-4.749,1,0.0479,0.00683,0.21,0.155,0.298,167.88,audio_features,0tKcYR2II1VCQWT79i5NrW,spotify:track:0tKcYR2II1VCQWT79i5NrW,https://api.spotify.com/v1/tracks/0tKcYR2II1VCQWT79i5NrW,https://api.spotify.com/v1/audio-analysis/0tKcYR2II1VCQWT79i5NrW,187147,4,"['modern rock', 'rock']",Andorra
"I Don’t Wanna Live Forever (Fifty Shades Darker) - From ""Fifty Shades Darker (Original Motion Picture Soundtrack)""",3NdDpSvN911VPGivFlV5d0,3,I Don’t Wanna Live Forever (Fifty Shades Darker),5MxXY7DbFMUiHFTPUabgJJ,2016-12-09,ZAYN,5ZsFI1h6hIdQRw2ti0hz81,0.735,0.451,0,-8.374,1,0.0585,0.0631,1.3000000000000001e-05,0.325,0.0862,117.973,audio_features,3NdDpSvN911VPGivFlV5d0,spotify:track:3NdDpSvN911VPGivFlV5d0,https://api.spotify.com/v1/tracks/3NdDpSvN911VPGivFlV5d0,https://api.spotify.com/v1/audio-analysis/3NdDpSvN911VPGivFlV5d0,245200,4,"['dance pop', 'electropop', 'pop', 'pop dance', 'post-teen pop', 'uk pop']",Andorra
Mi Gente,2rb5MvYT7ZIxbKW5hfcHx8,2,Mi Gente,57DmSe1xfynExe60QgpWU0,2017-06-30,J Balvin,1vyhD5VmyZ7KMfW5gqLgo5,0.5429999999999999,0.677,11,-4.915,0,0.0993,0.0148,6.21e-06,0.13,0.294,103.809,audio_features,2rb5MvYT7ZIxbKW5hfcHx8,spotify:track:2rb5MvYT7ZIxbKW5hfcHx8,https://api.spotify.com/v1/tracks/2rb5MvYT7ZIxbKW5hfcHx8,https://api.spotify.com/v1/audio-analysis/2rb5MvYT7ZIxbKW5hfcHx8,189440,4,"['latin', 'reggaeton', 'reggaeton colombiano']",Andorra
Stay (with Alessia Cara),0dA2Mk56wEzDgegdC6R17g,2,Stay,0VMGOBhLrC5Q2bfZnrocVN,2017-02-23,Zedd,2qxJFvFYMEDqd7ui6kSAcq,0.679,0.634,5,-5.024,0,0.0654,0.23199999999999998,0.0,0.115,0.498,102.01299999999999,audio_features,0dA2Mk56wEzDgegdC6R17g,spotify:track:0dA2Mk56wEzDgegdC6R17g,https://api.spotify.com/v1/tracks/0dA2Mk56wEzDgegdC6R17g,https://api.spotify.com/v1/audio-analysis/0dA2Mk56wEzDgegdC6R17g,210091,4,"['complextro', 'dance pop', 'edm', 'electro house', 'electropop', 'german techno', 'pop', 'pop dance', 'post-teen pop', 'tropical house']",Andorra
Escápate Conmigo,2cnKEkpVUSV4wnjQiTWfH6,1,Escápate Conmigo,5uWJP1QRmJemAFD3JH2LOG,2017-03-31,Wisin,3E6xrwgnVfYCrCs0ePERDz,0.747,0.8640000000000001,8,-3.181,0,0.0599,0.0245,4.46e-05,0.0853,0.754,92.02799999999999,audio_features,2cnKEkpVUSV4wnjQiTWfH6,spotify:track:2cnKEkpVUSV4wnjQiTWfH6,https://api.spotify.com/v1/tracks/2cnKEkpVUSV4wnjQiTWfH6,https://api.spotify.com/v1/audio-analysis/2cnKEkpVUSV4wnjQiTWfH6,232787,4,"['latin', 'latin hip hop', 'reggaeton', 'reggaeton flow', 'trap latino', 'tropical']",Andorra
You Don't Know Me - Radio Edit,00lNx0OcTJrS3MKHcB80HY,1,You Don't Know Me,4eYnvtB4sTtfGr0903YMn4,2016-12-09,Jax Jones,4Q6nIcaBED8qUel8bBx6Cr,0.8759999999999999,0.669,11,-6.053999999999999,0,0.138,0.163,0.0,0.185,0.682,124.007,audio_features,00lNx0OcTJrS3MKHcB80HY,spotify:track:00lNx0OcTJrS3MKHcB80HY,https://api.spotify.com/v1/tracks/00lNx0OcTJrS3MKHcB80HY,https://api.spotify.com/v1/audio-analysis/00lNx0OcTJrS3MKHcB80HY,213947,4,"['dance pop', 'edm', 'electro house', 'house', 'pop', 'pop dance', 'pop rap', 'tropical house', 'uk dance']",Andorra
Safari,6rQSrBHf7HlZjtcMZ4S4bO,1,Energía,2LYwooMTH1iJeBvWyXXWUf,2016-06-24,J Balvin,1vyhD5VmyZ7KMfW5gqLgo5,0.508,0.687,0,-4.361000000000001,1,0.326,0.551,3.41e-06,0.126,0.555,180.044,audio_features,6rQSrBHf7HlZjtcMZ4S4bO,spotify:track:6rQSrBHf7HlZjtcMZ4S4bO,https://api.spotify.com/v1/tracks/6rQSrBHf7HlZjtcMZ4S4bO,https://api.spotify.com/v1/audio-analysis/6rQSrBHf7HlZjtcMZ4S4bO,205600,4,"['latin', 'reggaeton', 'reggaeton colombiano']",Andorra
Hey DJ,209gZgcfLq2aUuu51vOWBl,1,Hey DJ,3spLScHh3MUrplyauEMtWI,2017-04-07,CNCO,0eecdvMrqBftK0M1VKhaF4,0.792,0.8190000000000001,5,-5.417999999999999,1,0.0867,0.0309,0.0,0.389,0.433,89.98,audio_features,209gZgcfLq2aUuu51vOWBl,spotify:track:209gZgcfLq2aUuu51vOWBl,https://api.spotify.com/v1/tracks/209gZgcfLq2aUuu51vOWBl,https://api.spotify.com/v1/audio-analysis/209gZgcfLq2aUuu51vOWBl,205520,4,"['boy band', 'latin', 'latin pop', 'reggaeton', 'tropical']",Andorra
Ahora Dice,22eADXu8DfOAUEDw4vU8qy,1,Ahora Dice,6UzYYTKQHXXNH67rawar3X,2017-03-17,Chris Jeday,0qTZZWLzuD59Un5r1speHm,0.708,0.693,6,-5.516,1,0.138,0.24600000000000002,0.0,0.129,0.42700000000000005,143.965,audio_features,22eADXu8DfOAUEDw4vU8qy,spotify:track:22eADXu8DfOAUEDw4vU8qy,https://api.spotify.com/v1/tracks/22eADXu8DfOAUEDw4vU8qy,https://api.spotify.com/v1/audio-analysis/22eADXu8DfOAUEDw4vU8qy,271080,4,"['latin', 'latin hip hop', 'reggaeton', 'trap latino', 'tropical']",Andorra
I'm the One,72Q0FQQo32KJloivv5xge2,1,I'm the One,7mRliFLzSnVPzjO0sSy3ar,2017-04-27,DJ Khaled,0QHgL1lAIqAw0HtD7YldmP,0.599,0.667,7,-4.2669999999999995,1,0.0367,0.0533,0.0,0.134,0.8170000000000001,80.984,audio_features,72Q0FQQo32KJloivv5xge2,spotify:track:72Q0FQQo32KJloivv5xge2,https://api.spotify.com/v1/tracks/72Q0FQQo32KJloivv5xge2,https://api.spotify.com/v1/audio-analysis/72Q0FQQo32KJloivv5xge2,288877,4,"['dance pop', 'hip hop', 'miami hip hop', 'pop', 'pop rap', 'rap', 'southern hip hop', 'trap']",Andorra
Chained To The Rhythm,6520aj0B4FSKGVuKNsOCOi,0,Witness,03ntx95u0wotf68NnE3aGw,2017-06-09,Katy Perry,6jJ0s89eD6GaHleKKya26X,0.44799999999999995,0.8009999999999999,0,-5.3629999999999995,1,0.165,0.0733,0.0,0.146,0.462,189.798,audio_features,6520aj0B4FSKGVuKNsOCOi,spotify:track:6520aj0B4FSKGVuKNsOCOi,https://api.spotify.com/v1/tracks/6520aj0B4FSKGVuKNsOCOi,https://api.spotify.com/v1/audio-analysis/6520aj0B4FSKGVuKNsOCOi,237734,4,"['dance pop', 'pop', 'pop dance', 'post-teen pop']",Andorra
Lumbra,6VHdcVbiKLYYOcMbIqBcuK,0,Lumbra,7lN3oRxDLByqyqOfAozyqW,2017-01-20,Cali Y El Dandee,5DUlefCLzVRzNWaNURTFpK,0.7240000000000001,0.84,0,-3.5810000000000004,1,0.0392,0.053,0.0,0.727,0.835,92.01,audio_features,6VHdcVbiKLYYOcMbIqBcuK,spotify:track:6VHdcVbiKLYYOcMbIqBcuK,https://api.spotify.com/v1/tracks/6VHdcVbiKLYYOcMbIqBcuK,https://api.spotify.com/v1/audio-analysis/6VHdcVbiKLYYOcMbIqBcuK,197087,4,"['champeta', 'colombian pop', 'electro latino', 'latin', 'latin pop', 'reggaeton', 'reggaeton colombiano', 'trap latino', 'tropical']",Andorra
,3RXkboS74UYzN14xTqzPyY,0,,4yQC726OERjevM2YKtORnm,2017-07-14,,6IhKl7lqJc5omkhODEJinj,0.5429999999999999,0.6609999999999999,8,-5.855,0,0.0538,0.214,0.0,0.24100000000000002,0.556,144.967,audio_features,3RXkboS74UYzN14xTqzPyY,spotify:track:3RXkboS74UYzN14xTqzPyY,https://api.spotify.com/v1/tracks/3RXkboS74UYzN14xTqzPyY,https://api.spotify.com/v1/audio-analysis/3RXkboS74UYzN14xTqzPyY,194978,4,[],Andorra
